Price,Close,High,Low,Open,Volume
Ticker,FUBO,FUBO,FUBO,FUBO,FUBO
Date,,,,,
2021-01-04,24.239999771118164,28.239999771118164,23.170000076293945,28.229999542236328,61923500
2021-01-05,27.329999923706055,30.770000457763672,26.770000457763672,27.709999084472656,75896300
2021-01-06,27.170000076293945,29.190000534057617,25.611000061035156,28.09000015258789,37259200
2021-01-07,28.3700008392334,30.1299991607666,27.219999313354492,28.360000610351562,26136800
2021-01-08,27.309999465942383,29.399999618530273,26.010000228881836,28.969999313354492,20750200
2021-01-11,27.190000534057617,28.940000534057617,26.070999145507812,26.1200008392334,13128100
2021-01-12,36.47999954223633,36.900001525878906,29.549999237060547,31.1200008392334,77881200
2021-01-13,35.79999923706055,40.400001525878906,34.5099983215332,38.290000915527344,53521100
2021-01-14,35.619998931884766,36.869998931884766,32.52000045776367,36.06999969482422,32913000
2021-01-15,32.130001068115234,36.20000076293945,31.700000762939453,35.099998474121094,23996500
2021-01-19,30.739999771118164,32.5,29.520000457763672,32.40999984741211,22078700
2021-01-20,30.149999618530273,32.4900016784668,30.059999465942383,31.56999969482422,18514400
2021-01-21,35.5,36.0,31.360000610351562,31.68000030517578,52462700
2021-01-22,37.720001220703125,38.099998474121094,33.279998779296875,34.20000076293945,33514400
2021-01-25,40.97999954223633,44.779998779296875,36.099998474121094,40.31999969482422,49556000
2021-01-26,43.91999816894531,44.25,38.630001068115234,41.93000030517578,27880700
2021-01-27,46.75,57.470001220703125,44.54999923706055,47.630001068115234,58664900
2021-01-28,39.849998474121094,49.880001068115234,39.849998474121094,49.81999969482422,33709000
2021-01-29,42.25,46.349998474121094,40.5,45.38999938964844,30110900
2021-02-01,52.400001525878906,52.400001525878906,44.29999923706055,47.41999816894531,44140500
2021-02-02,48.459999084472656,51.310001373291016,47.119998931884766,50.849998474121094,20959400
2021-02-03,49.099998474121094,50.5,47.5,49.0099983215332,11207500
2021-02-04,51.04999923706055,54.2400016784668,49.970001220703125,50.79999923706055,18595800
2021-02-05,48.779998779296875,51.499000549316406,48.33000183105469,51.20000076293945,10585500
2021-02-08,46.31999969482422,47.790000915527344,45.29999923706055,47.36000061035156,13589300
2021-02-09,46.75,48.779998779296875,44.5099983215332,46.0,13359800
2021-02-10,45.849998474121094,49.5,43.5,47.83000183105469,13050200
2021-02-11,43.88999938964844,46.20000076293945,42.79999923706055,45.31999969482422,8813200
2021-02-12,46.65999984741211,47.0,42.854000091552734,43.16999816894531,10922300
2021-02-16,43.279998779296875,47.279998779296875,42.358001708984375,46.470001220703125,13061000
2021-02-17,45.959999084472656,46.29999923706055,43.0,44.7599983215332,12287600
2021-02-18,42.22999954223633,45.459999084472656,41.694000244140625,44.4900016784668,11417300
2021-02-19,42.95000076293945,44.63999938964844,42.20000076293945,43.130001068115234,10209300
2021-02-22,40.81999969482422,42.849998474121094,40.380001068115234,41.939998626708984,11497000
2021-02-23,38.93000030517578,39.63999938964844,33.0,35.95000076293945,18396200
2021-02-24,39.40999984741211,39.79999923706055,36.209999084472656,39.2400016784668,9760600
2021-02-25,34.90999984741211,40.79999923706055,33.9900016784668,38.849998474121094,12202900
2021-02-26,35.29999923706055,36.65999984741211,33.301998138427734,35.209999084472656,9902200
2021-03-01,38.779998779296875,38.779998779296875,36.2599983215332,37.25,7665300
2021-03-02,41.88999938964844,43.279998779296875,39.33000183105469,43.209999084472656,26124800
2021-03-03,34.13999938964844,37.72999954223633,34.0,37.70000076293945,28315500
2021-03-04,32.11000061035156,35.5,27.399999618530273,34.09000015258789,30394400
2021-03-05,29.959999084472656,31.959999084472656,26.1299991607666,31.209999084472656,19312100
2021-03-08,27.309999465942383,31.170000076293945,26.799999237060547,29.739999771118164,11769900
2021-03-09,28.90999984741211,29.739999771118164,28.014999389648438,28.65999984741211,10543400
2021-03-10,30.049999237060547,32.0,29.649999618530273,30.40999984741211,11625500
2021-03-11,33.650001525878906,34.13999938964844,30.510000228881836,31.34000015258789,11110800
2021-03-12,32.310001373291016,33.2400016784668,30.709999084472656,31.43000030517578,7226200
2021-03-15,33.43000030517578,34.349998474121094,31.562000274658203,32.08000183105469,9719700
2021-03-16,31.959999084472656,34.720001220703125,31.389999389648438,34.709999084472656,8130500
2021-03-17,32.04999923706055,32.46099853515625,29.399999618530273,30.170000076293945,8511600
2021-03-18,30.209999084472656,31.85300064086914,29.799999237060547,30.760000228881836,5308700
2021-03-19,31.420000076293945,32.27000045776367,28.809999465942383,29.899999618530273,9792000
2021-03-22,31.530000686645508,32.13999938964844,30.594999313354492,31.68000030517578,4646300
2021-03-23,30.09000015258789,31.469999313354492,29.131999969482422,31.399999618530273,7454300
2021-03-24,26.850000381469727,30.579999923706055,26.75,29.549999237060547,7031500
2021-03-25,25.889999389648438,27.049999237060547,25.1200008392334,25.84000015258789,9651700
2021-03-26,21.8799991607666,26.670000076293945,20.690000534057617,26.0,31745100
2021-03-29,21.059999465942383,22.472000122070312,20.700000762939453,22.010000228881836,20016800
2021-03-30,21.75,22.780000686645508,20.3799991607666,21.0,18815100
2021-03-31,22.1200008392334,22.81999969482422,21.243999481201172,22.65999984741211,15666100
2021-04-01,22.440000534057617,24.010000228881836,22.219999313354492,23.729999542236328,18646000
2021-04-05,21.489999771118164,23.0,21.170000076293945,22.8700008392334,15572200
2021-04-06,22.3700008392334,23.190000534057617,20.899999618530273,21.489999771118164,19904000
2021-04-07,20.739999771118164,22.780000686645508,20.610000610351562,21.940000534057617,16087400
2021-04-08,20.700000762939453,21.260000228881836,20.260000228881836,20.770000457763672,12968400
2021-04-09,23.309999465942383,25.350000381469727,21.3799991607666,22.15999984741211,105285000
2021-04-12,21.350000381469727,23.280000686645508,20.850000381469727,22.639999389648438,24337900
2021-04-13,21.239999771118164,21.84000015258789,20.75,21.190000534057617,12211900
2021-04-14,20.969999313354492,22.18000030517578,20.8700008392334,21.31999969482422,13593400
2021-04-15,19.290000915527344,21.25,19.200000762939453,21.079999923706055,18719000
2021-04-16,18.860000610351562,19.6299991607666,18.329999923706055,18.760000228881836,12680200
2021-04-19,19.43000030517578,19.469999313354492,17.40999984741211,18.450000762939453,16717300
2021-04-20,18.579999923706055,19.64900016784668,17.75,19.229999542236328,11251500
2021-04-21,19.709999084472656,19.790000915527344,17.59000015258789,18.200000762939453,12784200
2021-04-22,20.3799991607666,21.530000686645508,19.649999618530273,20.0,19830500
2021-04-23,20.65999984741211,21.139999389648438,20.25,20.399999618530273,8140300
2021-04-26,21.790000915527344,22.309999465942383,20.829999923706055,21.0,9875000
2021-04-27,22.110000610351562,22.6299991607666,21.15999984741211,22.1200008392334,8819700
2021-04-28,21.780000686645508,22.43000030517578,21.280000686645508,21.969999313354492,5685200
2021-04-29,20.65999984741211,22.200000762939453,20.231000900268555,22.030000686645508,11207200
2021-04-30,20.15999984741211,20.93000030517578,19.93000030517578,20.34000015258789,6062800
2021-05-03,19.760000228881836,20.389999389648438,19.510000228881836,20.18000030517578,10233100
2021-05-04,18.8799991607666,19.600000381469727,18.200000762939453,19.5,9264700
2021-05-05,18.0,19.149999618530273,17.920000076293945,18.81999969482422,7540300
2021-05-06,17.06999969482422,17.889999389648438,16.56999969482422,17.690000534057617,10445100
2021-05-07,17.239999771118164,18.549999237060547,17.229999542236328,17.440000534057617,8075300
2021-05-10,16.350000381469727,17.170000076293945,16.280000686645508,17.170000076293945,8443500
2021-05-11,17.670000076293945,17.75,14.640000343322754,14.829999923706055,32166400
2021-05-12,19.3799991607666,21.3799991607666,18.850000381469727,21.18000030517578,57150200
2021-05-13,18.270000457763672,19.3799991607666,17.610000610351562,18.850000381469727,21103600
2021-05-14,20.530000686645508,20.889999389648438,18.530000686645508,18.690000534057617,20218800
2021-05-17,20.399999618530273,22.0,19.719999313354492,20.290000915527344,13375400
2021-05-18,21.420000076293945,22.280000686645508,20.510000228881836,21.0,13927100
2021-05-19,20.56999969482422,21.389999389648438,20.0,20.399999618530273,12256800
2021-05-20,20.559999465942383,21.290000915527344,20.149999618530273,20.84000015258789,8037600
2021-05-21,20.290000915527344,21.100000381469727,20.229999542236328,20.56999969482422,7315500
2021-05-24,21.440000534057617,21.850000381469727,20.052000045776367,20.3700008392334,11029700
2021-05-25,21.0,22.40999984741211,20.6200008392334,21.6200008392334,11051300
2021-05-26,23.719999313354492,24.690000534057617,21.190000534057617,21.239999771118164,25873100
2021-05-27,25.610000610351562,25.610000610351562,23.110000610351562,23.899999618530273,20651200
2021-05-28,23.739999771118164,26.489999771118164,23.739999771118164,25.56999969482422,16583100
2021-06-01,24.299999237060547,24.75,23.610000610351562,24.0,9621000
2021-06-02,28.520000457763672,28.65999984741211,24.104999542236328,24.239999771118164,25386300
2021-06-03,27.3799991607666,28.18000030517578,26.299999237060547,27.889999389648438,12677200
2021-06-04,26.969999313354492,28.649999618530273,26.760000228881836,27.389999389648438,9022500
2021-06-07,30.459999084472656,31.440000534057617,27.6200008392334,27.84000015258789,21498700
2021-06-08,30.079999923706055,31.56999969482422,29.170000076293945,30.489999771118164,12935600
2021-06-09,29.0,30.389999389648438,28.825000762939453,30.239999771118164,7653100
2021-06-10,27.829999923706055,29.6200008392334,27.149999618530273,29.0,8538900
2021-06-11,29.790000915527344,30.75,28.110000610351562,28.219999313354492,11329600
2021-06-14,29.469999313354492,30.329999923706055,28.829999923706055,29.809999465942383,6805300
2021-06-15,27.899999618530273,29.25,27.530000686645508,29.25,7605200
2021-06-16,28.6200008392334,29.0,27.200000762939453,27.75,7864500
2021-06-17,29.530000686645508,30.6299991607666,28.450000762939453,28.549999237060547,10453400
2021-06-18,29.260000228881836,30.190000534057617,28.309999465942383,29.280000686645508,11764900
2021-06-21,31.6200008392334,32.43000030517578,28.200000762939453,28.969999313354492,19475400
2021-06-22,31.719999313354492,33.70000076293945,31.31999969482422,32.02000045776367,17387400
2021-06-23,32.58000183105469,33.65999984741211,31.209999084472656,32.06999969482422,14290400
2021-06-24,32.29999923706055,33.20899963378906,31.84000015258789,33.0099983215332,7986300
2021-06-25,34.25,35.09000015258789,32.56999969482422,32.650001525878906,33883600
2021-06-28,33.81999969482422,34.209999084472656,32.78099822998047,33.93000030517578,9559200
2021-06-29,31.940000534057617,34.099998474121094,31.68000030517578,33.790000915527344,8921200
2021-06-30,32.11000061035156,32.630001068115234,30.43000030517578,31.40999984741211,7404200
2021-07-01,30.959999084472656,32.75,30.719999313354492,32.689998626708984,6161400
2021-07-02,30.059999465942383,31.229999542236328,29.1200008392334,30.899999618530273,8765000
2021-07-06,29.110000610351562,30.0,28.340999603271484,29.06999969482422,6378800
2021-07-07,27.719999313354492,29.5,27.452999114990234,29.43000030517578,8094300
2021-07-08,28.90999984741211,29.079999923706055,25.75,26.209999084472656,10626500
2021-07-09,28.829999923706055,29.84000015258789,28.420000076293945,28.59000015258789,5017800
2021-07-12,28.6299991607666,29.110000610351562,27.549999237060547,28.889999389648438,3942400
2021-07-13,27.510000228881836,29.799999237060547,27.336000442504883,28.520000457763672,5583100
2021-07-14,25.700000762939453,27.704999923706055,25.510000228881836,27.510000228881836,7023700
2021-07-15,25.690000534057617,26.889999389648438,24.600000381469727,25.68000030517578,7088200
2021-07-16,25.969999313354492,28.0,25.540000915527344,27.049999237060547,9990100
2021-07-19,25.959999084472656,26.479999542236328,24.520000457763672,24.989999771118164,5949200
2021-07-20,26.510000228881836,26.799999237060547,24.829999923706055,25.950000762939453,4375600
2021-07-21,27.280000686645508,27.329999923706055,26.406999588012695,26.540000915527344,4576800
2021-07-22,26.43000030517578,27.739999771118164,25.979999542236328,27.649999618530273,4722500
2021-07-23,26.719999313354492,27.18000030517578,25.5939998626709,26.219999313354492,5737200
2021-07-26,26.90999984741211,27.209999084472656,26.030000686645508,26.809999465942383,3579200
2021-07-27,26.110000610351562,26.8700008392334,24.760000228881836,26.709999084472656,6836400
2021-07-28,27.65999984741211,27.969999313354492,25.850000381469727,25.989999771118164,4451400
2021-07-29,27.020000457763672,28.450000762939453,26.989999771118164,27.65999984741211,4671800
2021-07-30,26.040000915527344,27.16200065612793,25.899999618530273,26.68000030517578,3792900
2021-08-02,26.170000076293945,26.759000778198242,25.75,26.0,2961400
2021-08-03,25.989999771118164,26.309999465942383,25.1299991607666,26.299999237060547,2842400
2021-08-04,25.239999771118164,26.020000457763672,24.812999725341797,25.489999771118164,4419200
2021-08-05,26.350000381469727,26.559999465942383,24.899999618530273,25.15999984741211,3681600
2021-08-06,26.209999084472656,26.799999237060547,25.850000381469727,26.709999084472656,2902400
2021-08-09,27.93000030517578,28.40999984741211,26.33300018310547,26.440000534057617,7032400
2021-08-10,28.639999389648438,29.110000610351562,27.260000228881836,28.290000915527344,13221000
2021-08-11,31.81999969482422,33.68000030517578,30.209999084472656,32.959999084472656,35779500
2021-08-12,31.559999465942383,32.52000045776367,31.059999465942383,31.799999237060547,8108000
2021-08-13,28.829999923706055,30.450000762939453,28.3799991607666,30.299999237060547,11888100
2021-08-16,27.540000915527344,28.40999984741211,27.219999313354492,28.0,4846200
2021-08-17,26.739999771118164,28.75,26.360000610351562,26.850000381469727,10841400
2021-08-18,26.1200008392334,27.3700008392334,25.59000015258789,26.920000076293945,7457400
2021-08-19,25.149999618530273,26.170000076293945,24.90999984741211,25.850000381469727,6100500
2021-08-20,25.360000610351562,25.670000076293945,24.950000762939453,25.149999618530273,3855100
2021-08-23,26.31999969482422,26.65999984741211,25.549999237060547,25.670000076293945,4698300
2021-08-24,27.709999084472656,27.719999313354492,26.472999572753906,26.5,5405700
2021-08-25,27.420000076293945,28.3799991607666,27.260000228881836,28.0,4395200
2021-08-26,26.149999618530273,27.93000030517578,25.959999084472656,27.25,4485100
2021-08-27,27.049999237060547,27.06999969482422,26.115999221801758,26.40999984741211,3344000
2021-08-30,27.540000915527344,27.719999313354492,26.440000534057617,27.290000915527344,4527000
2021-08-31,29.149999618530273,29.530000686645508,27.59000015258789,27.8700008392334,8981900
2021-09-01,29.559999465942383,29.950000762939453,28.812999725341797,29.200000762939453,6531700
2021-09-02,29.729999542236328,30.43000030517578,29.270000457763672,29.479999542236328,5868700
2021-09-03,29.969999313354492,30.889999389648438,29.549999237060547,30.65999984741211,7400100
2021-09-07,29.579999923706055,30.43000030517578,28.600000381469727,30.200000762939453,5877700
2021-09-08,28.3799991607666,30.43000030517578,28.34000015258789,30.0,6528400
2021-09-09,29.100000381469727,29.670000076293945,27.920000076293945,28.0,4260400
2021-09-10,29.889999389648438,30.5,29.059999465942383,29.100000381469727,6734700
2021-09-13,27.450000762939453,30.360000610351562,27.420000076293945,30.010000228881836,9423400
2021-09-14,27.209999084472656,28.031999588012695,26.43000030517578,27.59000015258789,6571700
2021-09-15,27.149999618530273,27.395000457763672,26.59000015258789,27.0,3848600
2021-09-16,27.549999237060547,27.6200008392334,26.760000228881836,27.030000686645508,3268500
2021-09-17,28.280000686645508,28.3700008392334,27.152999877929688,27.899999618530273,6577000
2021-09-20,26.06999969482422,27.5,25.729999542236328,27.149999618530273,7343000
2021-09-21,25.219999313354492,26.5,25.09000015258789,26.299999237060547,5698100
2021-09-22,26.15999984741211,26.229999542236328,25.299999237060547,25.360000610351562,3953900
2021-09-23,25.940000534057617,26.56999969482422,25.889999389648438,26.469999313354492,4447300
2021-09-24,25.420000076293945,25.8700008392334,25.030000686645508,25.81999969482422,4375300
2021-09-27,25.75,26.155000686645508,24.760000228881836,25.18000030517578,3450900
2021-09-28,23.90999984741211,25.68000030517578,23.799999237060547,25.40999984741211,7093100
2021-09-29,22.889999389648438,24.06999969482422,22.770000457763672,24.0,5996100
2021-09-30,23.959999084472656,24.6200008392334,22.809999465942383,23.0,6020300
2021-10-01,24.40999984741211,24.479999542236328,23.420000076293945,24.010000228881836,4067300
2021-10-04,23.25,24.059999465942383,22.719999313354492,24.010000228881836,4927400
2021-10-05,23.540000915527344,23.790000915527344,23.010000228881836,23.399999618530273,3132300
2021-10-06,24.1299991607666,24.450000762939453,22.989999771118164,23.239999771118164,3815000
2021-10-07,25.030000686645508,25.68000030517578,24.34000015258789,24.450000762939453,4803700
2021-10-08,25.1200008392334,25.530000686645508,24.639999389648438,25.0,3483900
2021-10-11,25.469999313354492,26.270000457763672,24.8799991607666,24.8799991607666,4496500
2021-10-12,25.809999465942383,25.892000198364258,24.93000030517578,25.309999465942383,3101500
2021-10-13,27.239999771118164,27.540000915527344,25.91200065612793,25.989999771118164,5052500
2021-10-14,27.739999771118164,29.149999618530273,27.3799991607666,27.899999618530273,7764300
2021-10-15,28.010000228881836,28.979999542236328,27.719999313354492,28.280000686645508,5028700
2021-10-18,29.90999984741211,29.950000762939453,27.579999923706055,27.649999618530273,6430200
2021-10-19,29.799999237060547,30.979999542236328,29.209999084472656,30.5,8131900
2021-10-20,29.56999969482422,30.209999084472656,29.299999237060547,29.93000030517578,3479800
2021-10-21,29.920000076293945,30.579999923706055,29.34000015258789,29.549999237060547,3451600
2021-10-22,28.520000457763672,29.6299991607666,27.969999313354492,29.399999618530273,4615300
2021-10-25,30.09000015258789,30.139999389648438,28.31999969482422,28.450000762939453,3992600
2021-10-26,29.270000457763672,30.530000686645508,28.860000610351562,30.450000762939453,6779300
2021-10-27,28.1299991607666,29.780000686645508,28.1200008392334,29.010000228881836,3119500
2021-10-28,29.479999542236328,29.871999740600586,28.239999771118164,28.399999618530273,4297000
2021-10-29,29.809999465942383,30.190000534057617,28.965999603271484,29.1200008392334,3292700
2021-11-01,33.060001373291016,33.45000076293945,30.049999237060547,30.049999237060547,13339400
2021-11-02,33.7599983215332,33.900001525878906,31.84000015258789,32.900001525878906,5601200
2021-11-03,33.869998931884766,34.68000030517578,33.0099983215332,33.900001525878906,6045100
2021-11-04,32.689998626708984,35.099998474121094,32.27000045776367,34.20000076293945,7506700
2021-11-05,32.81999969482422,33.220001220703125,32.0099983215332,32.84000015258789,4549200
2021-11-08,33.66999816894531,33.97999954223633,33.08000183105469,33.25,4139100
2021-11-09,33.130001068115234,34.29999923706055,31.770000457763672,34.189998626708984,10377900
2021-11-10,25.469999313354492,29.260000228881836,25.190000534057617,29.200000762939453,33324900
2021-11-11,25.0,26.43000030517578,24.8799991607666,25.829999923706055,12173700
2021-11-12,24.540000915527344,25.239999771118164,24.059999465942383,25.100000381469727,9944200
2021-11-15,24.549999237060547,25.299999237060547,24.3700008392334,24.610000610351562,7405600
2021-11-16,24.18000030517578,24.3700008392334,23.219999313354492,24.3700008392334,8923600
2021-11-17,23.979999542236328,24.360000610351562,23.350000381469727,24.25,5254000
2021-11-18,22.0,23.899999618530273,21.860000610351562,23.790000915527344,11474400
2021-11-19,21.420000076293945,22.59000015258789,21.270000457763672,21.850000381469727,7650100
2021-11-22,20.68000030517578,21.899999618530273,20.389999389648438,21.420000076293945,7780400
2021-11-23,20.489999771118164,21.170000076293945,19.950000762939453,20.540000915527344,8380600
2021-11-24,21.260000228881836,21.850000381469727,20.200000762939453,20.450000762939453,7079600
2021-11-26,21.040000915527344,21.489999771118164,20.510000228881836,20.56999969482422,3975100
2021-11-29,20.739999771118164,21.3799991607666,19.709999084472656,21.290000915527344,7460900
2021-11-30,19.6200008392334,20.969999313354492,18.969999313354492,20.670000076293945,7576400
2021-12-01,17.780000686645508,19.868999481201172,17.700000762939453,19.829999923706055,10501700
2021-12-02,18.200000762939453,18.780000686645508,17.360000610351562,17.6200008392334,7383600
2021-12-03,17.59000015258789,18.079999923706055,16.520000457763672,17.940000534057617,9549100
2021-12-06,17.360000610351562,17.780000686645508,16.260000228881836,16.940000534057617,7793300
2021-12-07,18.600000381469727,19.18000030517578,18.030000686645508,18.079999923706055,6911700
2021-12-08,19.770000457763672,20.190000534057617,18.270000457763672,18.700000762939453,7187900
2021-12-09,18.860000610351562,21.56999969482422,18.59000015258789,20.010000228881836,12527500
2021-12-10,17.809999465942383,19.6200008392334,17.56999969482422,19.010000228881836,9149900
2021-12-13,17.139999389648438,17.959999084472656,16.520000457763672,17.770000457763672,6773600
2021-12-14,16.700000762939453,17.1200008392334,16.260000228881836,16.59000015258789,7433400
2021-12-15,17.209999084472656,17.36400032043457,15.8100004196167,16.450000762939453,8246100
2021-12-16,16.290000915527344,17.729999542236328,15.90999984741211,17.469999313354492,7858300
2021-12-17,16.6200008392334,16.729999542236328,15.180000305175781,15.880000114440918,10535400
2021-12-20,16.0,16.559999465942383,15.510000228881836,16.020000457763672,6669500
2021-12-21,16.959999084472656,17.225000381469727,16.110000610351562,16.139999389648438,6322900
2021-12-22,16.59000015258789,17.18000030517578,16.43000030517578,16.81999969482422,5820400
2021-12-23,17.700000762939453,18.010000228881836,16.360000610351562,16.540000915527344,11737600
2021-12-27,16.809999465942383,17.641000747680664,16.610000610351562,17.5,8730300
2021-12-28,15.869999885559082,16.829999923706055,15.819999694824219,16.670000076293945,9400700
2021-12-29,15.399999618530273,16.033000946044922,15.010000228881836,15.779999732971191,10242900
2021-12-30,16.139999389648438,16.635000228881836,15.270000457763672,15.329999923706055,9802300
2021-12-31,15.520000457763672,16.649999618530273,15.510000228881836,15.989999771118164,5948200
2022-01-03,16.200000762939453,16.649999618530273,15.557999610900879,15.899999618530273,5954800
2022-01-04,15.8100004196167,16.290000915527344,15.069999694824219,16.200000762939453,7015300
2022-01-05,14.15999984741211,15.600000381469727,13.89799976348877,15.5,13324200
2022-01-06,13.920000076293945,14.515000343322754,13.180000305175781,14.010000228881836,9264400
2022-01-07,13.970000267028809,14.5600004196167,13.609999656677246,13.979999542236328,7566600
2022-01-10,13.5600004196167,13.729999542236328,12.789999961853027,13.710000038146973,12241300
2022-01-11,14.789999961853027,15.390000343322754,13.279999732971191,13.520000457763672,11035700
2022-01-12,14.649999618530273,15.579999923706055,14.635000228881836,15.020000457763672,6561200
2022-01-13,13.600000381469727,14.899999618530273,13.569999694824219,14.859999656677246,8109300
2022-01-14,13.119999885559082,13.699999809265137,12.670000076293945,13.15999984741211,10740700
2022-01-18,12.329999923706055,13.074000358581543,12.140000343322754,12.729999542236328,8624400
2022-01-19,11.9399995803833,12.5600004196167,11.8100004196167,12.420000076293945,10731500
2022-01-20,11.270000457763672,12.640000343322754,11.239999771118164,12.029999732971191,13481600
2022-01-21,10.210000038146973,10.78499984741211,10.079999923706055,10.579999923706055,20749300
2022-01-24,10.109999656677246,10.119999885559082,8.760000228881836,9.369999885559082,19285200
2022-01-25,9.880000114440918,10.260000228881836,9.475000381469727,9.6899995803833,10440500
2022-01-26,9.470000267028809,10.72599983215332,9.380000114440918,10.239999771118164,13811200
2022-01-27,8.859999656677246,9.753000259399414,8.739999771118164,9.75,12858300
2022-01-28,9.84000015258789,9.920000076293945,8.949999809265137,8.949999809265137,15487100
2022-01-31,10.739999771118164,10.835000038146973,9.829999923706055,9.869999885559082,11390100
2022-02-01,11.279999732971191,11.484999656677246,10.380000114440918,11.109999656677246,11760500
2022-02-02,10.380000114440918,11.40999984741211,10.329999923706055,11.40999984741211,10849100
2022-02-03,9.699999809265137,10.460000038146973,9.65999984741211,9.880000114440918,9612200
2022-02-04,10.100000381469727,10.359999656677246,9.59000015258789,9.720000267028809,8784300
2022-02-07,10.069999694824219,10.6850004196167,9.920000076293945,10.109999656677246,8571200
2022-02-08,10.0,10.239999771118164,9.75,9.970000267028809,7190000
2022-02-09,11.069999694824219,11.079999923706055,10.0649995803833,10.199999809265137,8555200
2022-02-10,11.09000015258789,11.890000343322754,10.460000038146973,10.75,11918100
2022-02-11,10.710000038146973,11.680000305175781,10.539999961853027,10.890000343322754,10987100
2022-02-14,10.3100004196167,11.0,10.279999732971191,10.5600004196167,6215000
2022-02-15,11.220000267028809,11.28499984741211,10.510000228881836,10.635000228881836,6150300
2022-02-16,10.789999961853027,11.119999885559082,10.59000015258789,10.989999771118164,7471000
2022-02-17,9.710000038146973,10.75,9.640000343322754,10.550000190734863,10555300
2022-02-18,8.399999618530273,9.5,8.319999694824219,9.350000381469727,18061400
2022-02-22,8.010000228881836,8.579999923706055,7.949999809265137,8.170000076293945,11885700
2022-02-23,7.619999885559082,8.274999618530273,7.570000171661377,8.069999694824219,18289100
2022-02-24,8.390000343322754,8.40999984741211,6.210000038146973,6.269999980926514,23368900
2022-02-25,8.140000343322754,8.369999885559082,7.739999771118164,8.260000228881836,11810400
2022-02-28,8.550000190734863,8.859999656677246,8.0,8.279999732971191,11412700
2022-03-01,8.470000267028809,8.831999778747559,8.229999542236328,8.579999923706055,7708000
2022-03-02,8.510000228881836,8.654000282287598,8.16100025177002,8.539999961853027,8021100
2022-03-03,7.579999923706055,8.600000381469727,7.550000190734863,8.550000190734863,10582100
2022-03-04,7.369999885559082,7.769999980926514,7.25,7.670000076293945,11254000
2022-03-07,7.300000190734863,7.71999979019165,7.224999904632568,7.389999866485596,10403300
2022-03-08,7.110000133514404,7.489999771118164,6.869999885559082,7.199999809265137,13843100
2022-03-09,7.550000190734863,7.769999980926514,7.25,7.309999942779541,9741400
2022-03-10,7.059999942779541,7.465000152587891,6.929999828338623,7.360000133514404,9646300
2022-03-11,6.599999904632568,7.150000095367432,6.579999923706055,7.090000152587891,8755600
2022-03-14,6.170000076293945,6.550000190734863,6.070000171661377,6.460000038146973,11935400
2022-03-15,6.480000019073486,6.579999923706055,6.010000228881836,6.21999979019165,10209700
2022-03-16,7.369999885559082,7.429999828338623,6.599999904632568,6.599999904632568,16691800
2022-03-17,7.940000057220459,7.940000057220459,7.070000171661377,7.170000076293945,10014600
2022-03-18,7.960000038146973,8.234999656677246,7.71999979019165,7.75,13891000
2022-03-21,7.53000020980835,7.989999771118164,7.460000038146973,7.940000057220459,10874000
2022-03-22,7.710000038146973,8.0,7.349999904632568,7.480000019073486,13358000
2022-03-23,7.579999923706055,7.960000038146973,7.425000190734863,7.679999828338623,10702700
2022-03-24,7.309999942779541,7.690000057220459,7.139999866485596,7.630000114440918,10376300
2022-03-25,6.96999979019165,7.309999942779541,6.849999904632568,7.309999942779541,12024000
2022-03-28,7.079999923706055,7.215000152587891,6.789999961853027,7.010000228881836,10545900
2022-03-29,7.599999904632568,7.974999904632568,7.072000026702881,7.199999809265137,29431500
2022-03-30,7.130000114440918,7.989999771118164,7.105000019073486,7.480000019073486,14195500
2022-03-31,6.570000171661377,7.150000095367432,6.559999942779541,7.110000133514404,17661900
2022-04-01,6.550000190734863,6.71999979019165,6.369999885559082,6.590000152587891,12934800
2022-04-04,7.380000114440918,7.679999828338623,6.630000114440918,6.650000095367432,18514200
2022-04-05,6.920000076293945,7.369999885559082,6.820000171661377,7.300000190734863,11071700
2022-04-06,6.210000038146973,6.760000228881836,6.050000190734863,6.739999771118164,21454800
2022-04-07,6.110000133514404,6.304999828338623,5.800000190734863,6.159999847412109,17459900
2022-04-08,5.809999942779541,6.135000228881836,5.800000190734863,6.019999980926514,10736200
2022-04-11,5.860000133514404,5.980000019073486,5.485000133514404,5.659999847412109,10452000
2022-04-12,5.659999847412109,6.21999979019165,5.639999866485596,5.929999828338623,12900900
2022-04-13,5.849999904632568,5.980000019073486,5.559999942779541,5.679999828338623,10152600
2022-04-14,5.559999942779541,5.889999866485596,5.550000190734863,5.889999866485596,8985200
2022-04-18,5.28000020980835,5.552999973297119,5.099999904632568,5.519999980926514,11496800
2022-04-19,5.590000152587891,5.71999979019165,5.230000019073486,5.300000190734863,10259900
2022-04-20,5.230000019073486,5.426000118255615,5.03000020980835,5.400000095367432,11998900
2022-04-21,4.730000019073486,5.434999942779541,4.670000076293945,5.340000152587891,14043500
2022-04-22,4.550000190734863,4.820000171661377,4.385000228881836,4.730000019073486,11957800
2022-04-25,4.449999809265137,4.610000133514404,4.349999904632568,4.480000019073486,13717700
2022-04-26,4.119999885559082,4.460000038146973,4.110000133514404,4.420000076293945,11784300
2022-04-27,3.950000047683716,4.224999904632568,3.890000104904175,4.119999885559082,15533000
2022-04-28,4.070000171661377,4.159999847412109,3.75,4.010000228881836,14750100
2022-04-29,3.7899999618530273,4.190000057220459,3.7899999618530273,4.050000190734863,13853200
2022-05-02,4.260000228881836,4.260000228881836,3.680000066757202,3.7899999618530273,17139200
2022-05-03,4.230000019073486,4.389999866485596,4.099999904632568,4.159999847412109,13107700
2022-05-04,4.570000171661377,4.590000152587891,3.9100000858306885,4.179999828338623,16519700
2022-05-05,4.119999885559082,4.5,3.950000047683716,4.5,19476700
2022-05-06,3.25,3.5399999618530273,2.869999885559082,3.0999999046325684,35984800
2022-05-09,2.9100000858306885,3.200000047683716,2.819999933242798,3.130000114440918,20708200
2022-05-10,3.3499999046325684,3.559999942779541,2.869999885559082,3.069999933242798,24497000
2022-05-11,2.9000000953674316,3.4800000190734863,2.890000104904175,3.25,22140000
2022-05-12,3.0999999046325684,3.259999990463257,2.759999990463257,2.940000057220459,19452400
2022-05-13,3.509999990463257,3.6700000762939453,3.200000047683716,3.2300000190734863,24426900
2022-05-16,3.259999990463257,3.634999990463257,3.25,3.440000057220459,18224100
2022-05-17,3.380000114440918,3.48799991607666,3.2100000381469727,3.380000114440918,13612000
2022-05-18,3.2300000190734863,3.5399999618530273,3.180000066757202,3.3299999237060547,12371000
2022-05-19,3.2300000190734863,3.430000066757202,3.1500000953674316,3.240000009536743,12485600
2022-05-20,3.1700000762939453,3.3499999046325684,3.0,3.3299999237060547,14094700
2022-05-23,3.2300000190734863,3.25,2.9600000381469727,3.1700000762939453,10388900
2022-05-24,2.990000009536743,3.1500000953674316,2.890000104904175,3.1500000953674316,10138200
2022-05-25,3.190000057220459,3.2300000190734863,2.930000066757202,2.950000047683716,7750900
2022-05-26,3.2100000381469727,3.365000009536743,3.119999885559082,3.1700000762939453,10520500
2022-05-27,3.509999990463257,3.555000066757202,3.25,3.2699999809265137,12057000
2022-05-31,3.2899999618530273,3.640000104904175,3.200000047683716,3.619999885559082,16858000
2022-06-01,3.140000104904175,3.4149999618530273,3.049999952316284,3.2699999809265137,14035500
2022-06-02,3.4800000190734863,3.640000104904175,3.130000114440918,3.1500000953674316,15009000
2022-06-03,3.3399999141693115,3.509999990463257,3.2799999713897705,3.359999895095825,8209100
2022-06-06,3.299999952316284,3.5199999809265137,3.2699999809265137,3.4700000286102295,10363200
2022-06-07,3.2899999618530273,3.359999895095825,3.1500000953674316,3.200000047683716,5635000
2022-06-08,3.2899999618530273,3.4549999237060547,3.259999990463257,3.2899999618530273,8351500
2022-06-09,3.0999999046325684,3.299999952316284,3.059999942779541,3.259999990463257,10310000
2022-06-10,2.9600000381469727,3.0399999618530273,2.865000009536743,3.0,11926100
2022-06-13,2.690000057220459,2.9100000858306885,2.6700000762939453,2.809999942779541,11118000
2022-06-14,2.7200000286102295,2.825000047683716,2.5999999046325684,2.7200000286102295,11138900
2022-06-15,2.7899999618530273,2.9100000858306885,2.700000047683716,2.7799999713897705,15302300
2022-06-16,2.559999942779541,2.6700000762939453,2.490000009536743,2.6600000858306885,13664700
2022-06-17,2.819999933242798,2.8299999237060547,2.5799999237060547,2.5899999141693115,17102000
2022-06-21,2.7100000381469727,2.9200000762939453,2.700000047683716,2.890000104904175,13712000
2022-06-22,2.700000047683716,2.9100000858306885,2.619999885559082,2.630000114440918,9947500
2022-06-23,2.859999895095825,2.930000066757202,2.7100000381469727,2.759999990463257,12849700
2022-06-24,2.950000047683716,3.0799999237060547,2.859999895095825,2.930000066757202,18060800
2022-06-27,2.819999933242798,3.0199999809265137,2.7300000190734863,3.0199999809265137,7710400
2022-06-28,2.609999895095825,2.869999885559082,2.569999933242798,2.8399999141693115,9607500
2022-06-29,2.5799999237060547,2.5999999046325684,2.4800000190734863,2.5899999141693115,9626900
2022-06-30,2.4700000286102295,2.549999952316284,2.3399999141693115,2.490000009536743,10228500
2022-07-01,2.4700000286102295,2.6570000648498535,2.440000057220459,2.450000047683716,8166400
2022-07-05,2.6700000762939453,2.6700000762939453,2.318000078201294,2.4000000953674316,9179200
2022-07-06,2.5199999809265137,2.809999942779541,2.5199999809265137,2.6600000858306885,6878100
2022-07-07,2.8499999046325684,2.859999895095825,2.490000009536743,2.549999952316284,10202300
2022-07-08,2.819999933242798,2.9700000286102295,2.740000009536743,2.7699999809265137,7477800
2022-07-11,2.559999942779541,2.7699999809265137,2.509999990463257,2.759999990463257,8977000
2022-07-12,2.609999895095825,2.609999895095825,2.450000047683716,2.5899999141693115,8990900
2022-07-13,2.569999933242798,2.6500000953674316,2.4200000762939453,2.5199999809265137,7202100
2022-07-14,2.4700000286102295,2.559999942779541,2.4149999618530273,2.5199999809265137,7416900
2022-07-15,2.509999990463257,2.556999921798706,2.390000104904175,2.5299999713897705,9560200
2022-07-18,2.5199999809265137,2.674999952316284,2.509999990463257,2.559999942779541,8486800
2022-07-19,2.740000009536743,2.805000066757202,2.5450000762939453,2.5999999046325684,10356400
2022-07-20,2.859999895095825,3.0799999237060547,2.740000009536743,2.740000009536743,14672200
2022-07-21,2.7899999618530273,2.859999895095825,2.7300000190734863,2.799999952316284,10590200
2022-07-22,2.559999942779541,2.865000009536743,2.549999952316284,2.7300000190734863,9090600
2022-07-25,2.490000009536743,2.569999933242798,2.4200000762939453,2.559999942779541,11373900
2022-07-26,2.369999885559082,2.4700000286102295,2.3499999046325684,2.4600000381469727,8319000
2022-07-27,2.4800000190734863,2.5,2.369999885559082,2.440000057220459,7903400
2022-07-28,2.549999952316284,2.549999952316284,2.380000114440918,2.4200000762939453,7721600
2022-07-29,2.509999990463257,2.509999990463257,2.390000104904175,2.450000047683716,6524900
2022-08-01,2.5,2.5899999141693115,2.424999952316284,2.490000009536743,6868000
2022-08-02,2.680000066757202,2.7300000190734863,2.4600000381469727,2.4600000381469727,16802900
2022-08-03,2.9200000762939453,2.9800000190734863,2.75,2.759999990463257,13186600
2022-08-04,2.9700000286102295,3.0,2.8399999141693115,2.940000057220459,17036300
2022-08-05,3.4700000286102295,3.740000009536743,2.930000066757202,3.2899999618530273,38765700
2022-08-08,3.930000066757202,4.039999961853027,3.509999990463257,3.5799999237060547,31157700
2022-08-09,3.619999885559082,3.8399999141693115,3.509999990463257,3.7899999618530273,11988900
2022-08-10,3.8399999141693115,3.890000104904175,3.6500000953674316,3.7899999618530273,10554100
2022-08-11,4.420000076293945,4.599999904632568,3.9100000858306885,3.9800000190734863,25994900
2022-08-12,4.349999904632568,4.550000190734863,4.110000133514404,4.539999961853027,17205600
2022-08-15,4.380000114440918,4.519999980926514,4.199999809265137,4.239999771118164,12044000
2022-08-16,6.349999904632568,8.140000343322754,4.320000171661377,4.360000133514404,168023300
2022-08-17,5.360000133514404,6.900000095367432,5.234000205993652,6.829999923706055,77558800
2022-08-18,4.769999980926514,5.480000019073486,4.714000225067139,5.400000095367432,25971500
2022-08-19,4.349999904632568,4.659999847412109,4.170000076293945,4.539999961853027,18682500
2022-08-22,4.079999923706055,4.21999979019165,3.9100000858306885,4.099999904632568,11971600
2022-08-23,3.9700000286102295,4.289999961853027,3.9100000858306885,4.230000019073486,11777500
2022-08-24,4.0,4.288000106811523,3.930000066757202,4.019999980926514,14258400
2022-08-25,3.890000104904175,4.144999980926514,3.8399999141693115,4.03000020980835,12729900
2022-08-26,3.640000104904175,3.9800000190734863,3.5899999141693115,3.880000114440918,11508400
2022-08-29,3.6500000953674316,3.819999933242798,3.5199999809265137,3.5399999618530273,9799000
2022-08-30,3.5399999618530273,3.799999952316284,3.430000066757202,3.7100000381469727,9428200
2022-08-31,3.619999885559082,3.674999952316284,3.5,3.609999895095825,9577500
2022-09-01,3.5199999809265137,3.5899999141693115,3.390000104904175,3.5899999141693115,10611900
2022-09-02,3.380000114440918,3.5899999141693115,3.319999933242798,3.5899999141693115,9093100
2022-09-06,3.630000114440918,3.6549999713897705,3.259999990463257,3.4700000286102295,13129500
2022-09-07,3.700000047683716,3.799999952316284,3.450000047683716,3.569999933242798,12938600
2022-09-08,3.8499999046325684,3.9749999046325684,3.5299999713897705,3.569999933242798,12151500
2022-09-09,4.429999828338623,4.460000038146973,3.890000104904175,3.9000000953674316,14257200
2022-09-12,4.820000171661377,5.010000228881836,4.46999979019165,4.5,22298700
2022-09-13,4.610000133514404,4.75600004196167,4.360000133514404,4.489999771118164,18938900
2022-09-14,5.119999885559082,5.159999847412109,4.400000095367432,4.639999866485596,21022500
2022-09-15,5.010000228881836,5.239999771118164,4.809999942779541,5.0,18277100
2022-09-16,4.460000038146973,4.860000133514404,4.429999828338623,4.840000152587891,12187900
2022-09-19,4.75,4.809999942779541,4.329999923706055,4.349999904632568,9955200
2022-09-20,4.309999942779541,4.670000076293945,4.269999980926514,4.619999885559082,9952200
2022-09-21,4.369999885559082,4.639999866485596,4.210000038146973,4.329999923706055,10730400
2022-09-22,3.9200000762939453,4.369999885559082,3.9100000858306885,4.320000171661377,10402500
2022-09-23,4.230000019073486,4.340000152587891,3.9800000190734863,4.090000152587891,16701500
2022-09-26,3.7799999713897705,4.349999904632568,3.7799999713897705,4.150000095367432,13888600
2022-09-27,3.799999952316284,4.099999904632568,3.7799999713897705,3.9600000381469727,10564000
2022-09-28,3.9600000381469727,4.039999961853027,3.75,3.859999895095825,10807600
2022-09-29,3.690000057220459,3.934999942779541,3.6500000953674316,3.859999895095825,7777900
2022-09-30,3.549999952316284,3.7699999809265137,3.5399999618530273,3.640000104904175,8321500
2022-10-03,3.7899999618530273,3.8499999046325684,3.5199999809265137,3.6500000953674316,9428300
2022-10-04,4.130000114440918,4.164999961853027,3.9700000286102295,3.9700000286102295,10719400
2022-10-05,3.9600000381469727,4.059999942779541,3.819999933242798,4.0,7490300
2022-10-06,4.0,4.210000038146973,3.880000114440918,3.9600000381469727,8250800
2022-10-07,3.7899999618530273,3.940000057220459,3.7200000286102295,3.9000000953674316,9016000
2022-10-10,3.7300000190734863,3.809999942779541,3.630000114440918,3.75,6858000
2022-10-11,3.6500000953674316,3.7699999809265137,3.4800000190734863,3.6500000953674316,9239300
2022-10-12,3.8499999046325684,3.9000000953674316,3.609999895095825,3.630000114440918,8593300
2022-10-13,4.090000152587891,4.380000114440918,3.559999942779541,3.7100000381469727,18197000
2022-10-14,3.809999942779541,4.269999980926514,3.799999952316284,4.110000133514404,7251400
2022-10-17,4.050000190734863,4.159999847412109,3.990000009536743,4.090000152587891,11157900
2022-10-18,4.119999885559082,4.730000019073486,4.074999809265137,4.610000133514404,24374600
2022-10-19,3.8299999237060547,4.139999866485596,3.7300000190734863,4.139999866485596,16011000
2022-10-20,3.630000114440918,3.940000057220459,3.5899999141693115,3.75,10539300
2022-10-21,3.680000066757202,3.690000057220459,3.440000057220459,3.559999942779541,9683100
2022-10-24,3.4800000190734863,3.690000057220459,3.359999895095825,3.6700000762939453,11371900
2022-10-25,3.75,3.7850000858306885,3.4709999561309814,3.5,13490900
2022-10-26,3.690000057220459,3.944999933242798,3.5999999046325684,3.6500000953674316,11796400
2022-10-27,3.619999885559082,3.8350000381469727,3.609999895095825,3.7200000286102295,7909400
2022-10-28,3.619999885559082,3.640000104904175,3.450000047683716,3.619999885559082,10777900
2022-10-31,3.6600000858306885,3.7699999809265137,3.569999933242798,3.6600000858306885,8981100
2022-11-01,3.549999952316284,3.9000000953674316,3.5250000953674316,3.7799999713897705,9965300
2022-11-02,3.4600000381469727,3.690000057220459,3.440000057220459,3.5199999809265137,10674300
2022-11-03,3.390000104904175,3.443000078201294,3.2100000381469727,3.390000104904175,11202000
2022-11-04,3.390000104904175,3.559999942779541,3.2200000286102295,3.490000009536743,12341100
2022-11-07,3.509999990463257,3.559999942779541,3.359999895095825,3.4000000953674316,9489000
2022-11-08,3.4200000762939453,3.690000057220459,3.36299991607666,3.5399999618530273,8932200
2022-11-09,2.869999885559082,3.3550000190734863,2.8499999046325684,3.3499999046325684,15060700
2022-11-10,3.2200000286102295,3.259999990463257,3.0399999618530273,3.0999999046325684,10096500
2022-11-11,3.5899999141693115,3.6600000858306885,3.1600000858306885,3.180000066757202,16496900
2022-11-14,3.4800000190734863,3.640000104904175,3.4149999618530273,3.5199999809265137,8227700
2022-11-15,3.680000066757202,3.875,3.5899999141693115,3.6700000762939453,16287400
2022-11-16,3.2100000381469727,3.569999933242798,3.1500000953674316,3.569999933242798,15007100
2022-11-17,3.049999952316284,3.140000104904175,3.009999990463257,3.0899999141693115,10714900
2022-11-18,2.930000066757202,3.130000114440918,2.9200000762939453,3.130000114440918,10394300
2022-11-21,2.7899999618530273,2.8949999809265137,2.690000057220459,2.890000104904175,8987300
2022-11-22,2.7100000381469727,2.819999933242798,2.690000057220459,2.759999990463257,5989300
2022-11-23,2.7899999618530273,2.8299999237060547,2.690000057220459,2.75,6670400
2022-11-25,2.700000047683716,2.799999952316284,2.6600000858306885,2.7899999618530273,4004900
2022-11-28,2.569999933242798,2.744999885559082,2.5350000858306885,2.6500000953674316,8520700
2022-11-29,2.6500000953674316,2.7699999809265137,2.5950000286102295,2.5999999046325684,7973500
2022-11-30,2.7899999618530273,2.859999895095825,2.640000104904175,2.690000057220459,8950200
2022-12-01,2.8499999046325684,2.944999933242798,2.759999990463257,2.809999942779541,9159700
2022-12-02,2.8299999237060547,2.869999885559082,2.7100000381469727,2.75,8350500
2022-12-05,2.759999990463257,3.049999952316284,2.7200000286102295,2.799999952316284,10562100
2022-12-06,2.5799999237060547,2.76200008392334,2.5399999618530273,2.759999990463257,8233700
2022-12-07,2.390000104904175,2.569999933242798,2.380000114440918,2.549999952316284,9827900
2022-12-08,2.440000057220459,2.549999952316284,2.3550000190734863,2.4200000762939453,7093100
2022-12-09,2.430000066757202,2.509999990463257,2.390000104904175,2.4000000953674316,4693300
2022-12-12,2.4700000286102295,2.490000009536743,2.3350000381469727,2.4000000953674316,6426700
2022-12-13,2.369999885559082,2.680000066757202,2.3299999237060547,2.6500000953674316,9543700
2022-12-14,2.3299999237060547,2.4100000858306885,2.265000104904175,2.369999885559082,8993600
2022-12-15,2.1700000762939453,2.2699999809265137,2.140000104904175,2.259999990463257,10757500
2022-12-16,2.200000047683716,2.200000047683716,2.130000114440918,2.1600000858306885,7405700
2022-12-19,2.069999933242798,2.200000047683716,2.049999952316284,2.200000047683716,7013000
2022-12-20,2.0999999046325684,2.1500000953674316,2.0,2.049999952316284,6065400
2022-12-21,2.069999933242798,2.1700000762939453,2.049999952316284,2.119999885559082,6950200
2022-12-22,1.940000057220459,2.0199999809265137,1.8600000143051147,2.009999990463257,9411500
2022-12-23,1.8700000047683716,1.9299999475479126,1.8600000143051147,1.909999966621399,4457700
2022-12-27,1.7000000476837158,1.8700000047683716,1.6799999475479126,1.8700000047683716,8811200
2022-12-28,1.649999976158142,1.7209999561309814,1.6100000143051147,1.6699999570846558,8373100
2022-12-29,1.7000000476837158,1.850000023841858,1.6699999570846558,1.690000057220459,10107600
2022-12-30,1.7400000095367432,1.809999942779541,1.6399999856948853,1.6799999475479126,9896100
2023-01-03,1.6799999475479126,1.8899999856948853,1.6100000143051147,1.7699999809265137,11704400
2023-01-04,1.7699999809265137,1.809999942779541,1.7000000476837158,1.7300000190734863,7080100
2023-01-05,1.7300000190734863,1.7599999904632568,1.659999966621399,1.75,5019300
2023-01-06,1.75,1.7799999713897705,1.6699999570846558,1.7799999713897705,6601900
2023-01-09,1.840000033378601,2.049999952316284,1.7699999809265137,1.7699999809265137,13164100
2023-01-10,1.8300000429153442,1.8700000047683716,1.7000000476837158,1.840000033378601,9346100
2023-01-11,1.8899999856948853,1.9950000047683716,1.8250000476837158,1.8600000143051147,9661400
2023-01-12,2.0899999141693115,2.119999885559082,1.809999942779541,1.909999966621399,13622400
2023-01-13,2.190000057220459,2.2699999809265137,1.9500000476837158,1.9600000381469727,14500500
2023-01-17,2.25,2.309999942779541,2.0999999046325684,2.2899999618530273,14109600
2023-01-18,2.1700000762939453,2.4000000953674316,2.109999895095825,2.2799999713897705,14718000
2023-01-19,1.9700000286102295,2.130000114440918,1.9299999475479126,2.0399999618530273,16377400
2023-01-20,2.2300000190734863,2.2300000190734863,2.0,2.0199999809265137,12632600
2023-01-23,2.3299999237060547,2.369999885559082,2.1600000858306885,2.259999990463257,11639300
2023-01-24,2.259999990463257,2.430000066757202,2.2249999046325684,2.2899999618530273,6139600
2023-01-25,2.2699999809265137,2.2899999618530273,2.0899999141693115,2.190000057220459,7159700
2023-01-26,2.359999895095825,2.4149999618530273,2.240000009536743,2.369999885559082,9658500
2023-01-27,2.4200000762939453,2.5,2.240000009536743,2.3399999141693115,11933300
2023-01-30,2.4000000953674316,2.609999895095825,2.3299999237060547,2.359999895095825,13417400
2023-01-31,2.569999933242798,2.619999885559082,2.371999979019165,2.4200000762939453,11239600
2023-02-01,2.819999933242798,2.8499999046325684,2.509999990463257,2.5799999237060547,13473000
2023-02-02,3.0399999618530273,3.259999990463257,2.890000104904175,3.009999990463257,25852500
2023-02-03,2.930000066757202,3.0799999237060547,2.8299999237060547,2.880000114440918,11874800
2023-02-06,2.940000057220459,3.0299999713897705,2.7899999618530273,2.930000066757202,9471200
2023-02-07,2.7100000381469727,2.9100000858306885,2.4800000190734863,2.9100000858306885,20345100
2023-02-08,2.490000009536743,2.755000114440918,2.4800000190734863,2.6600000858306885,8228400
2023-02-09,2.2300000190734863,2.5399999618530273,2.2200000286102295,2.5399999618530273,11585300
2023-02-10,2.0999999046325684,2.190000057220459,2.0299999713897705,2.190000057220459,10912600
2023-02-13,2.069999933242798,2.1500000953674316,2.0199999809265137,2.0999999046325684,6697400
2023-02-14,2.1500000953674316,2.2100000381469727,2.0299999713897705,2.0799999237060547,9760100
2023-02-15,2.4100000858306885,2.4260001182556152,2.130000114440918,2.130000114440918,10714800
2023-02-16,2.380000114440918,2.509999990463257,2.299999952316284,2.3499999046325684,10641400
2023-02-17,2.359999895095825,2.4200000762939453,2.2200000286102295,2.3499999046325684,8390300
2023-02-21,2.2699999809265137,2.390000104904175,2.2300000190734863,2.3299999237060547,6751100
2023-02-22,2.299999952316284,2.359999895095825,2.190000057220459,2.2699999809265137,7444400
2023-02-23,2.309999942779541,2.359999895095825,2.2100000381469727,2.3499999046325684,8404300
2023-02-24,2.319999933242798,2.319999933242798,2.1500000953674316,2.2300000190734863,8219500
2023-02-27,2.0,2.0899999141693115,1.8899999856948853,1.9199999570846558,46267600
2023-02-28,1.909999966621399,2.049999952316284,1.899999976158142,1.9900000095367432,15687300
2023-03-01,1.7999999523162842,1.9299999475479126,1.7999999523162842,1.899999976158142,13329700
2023-03-02,1.7000000476837158,1.7699999809265137,1.6100000143051147,1.7699999809265137,19800400
2023-03-03,1.690000057220459,1.7699999809265137,1.6799999475479126,1.7400000095367432,12374100
2023-03-06,1.7000000476837158,1.75,1.659999966621399,1.7300000190734863,13204400
2023-03-07,1.7000000476837158,1.7599999904632568,1.649999976158142,1.6799999475479126,10910000
2023-03-08,1.6799999475479126,1.7100000381469727,1.649999976158142,1.690000057220459,6610700
2023-03-09,1.5,1.6979999542236328,1.5,1.690000057220459,16677600
2023-03-10,1.3700000047683716,1.5399999618530273,1.350000023841858,1.5399999618530273,17084300
2023-03-13,1.2999999523162842,1.3769999742507935,1.2699999809265137,1.340000033378601,10483100
2023-03-14,1.25,1.3799999952316284,1.25,1.3600000143051147,11423200
2023-03-15,1.2100000381469727,1.25,1.1699999570846558,1.2300000190734863,14074000
2023-03-16,1.2100000381469727,1.25,1.159999966621399,1.190000057220459,11908100
2023-03-17,1.100000023841858,1.2000000476837158,1.100000023841858,1.2000000476837158,16613400
2023-03-20,1.100000023841858,1.159999966621399,0.9599999785423279,1.090000033378601,28975400
2023-03-21,1.2599999904632568,1.2899999618530273,1.1200000047683716,1.149999976158142,18327300
2023-03-22,1.159999966621399,1.2999999523162842,1.149999976158142,1.2899999618530273,16117500
2023-03-23,1.0399999618530273,1.246999979019165,1.0399999618530273,1.2400000095367432,20411700
2023-03-24,1.1200000047683716,1.190000057220459,1.059999942779541,1.090000033378601,14792900
2023-03-27,1.100000023841858,1.159999966621399,1.059999942779541,1.149999976158142,15378100
2023-03-28,1.0399999618530273,1.1299999952316284,1.0299999713897705,1.100000023841858,12104700
2023-03-29,1.1100000143051147,1.1200000047683716,1.0399999618530273,1.059999942779541,13576900
2023-03-30,1.0499999523162842,1.149999976158142,1.0399999618530273,1.1299999952316284,12206600
2023-03-31,1.2100000381469727,1.25,1.0299999713897705,1.0700000524520874,29169300
2023-04-03,1.1399999856948853,1.2300000190734863,1.059999942779541,1.2000000476837158,12736200
2023-04-04,1.1299999952316284,1.159999966621399,1.0800000429153442,1.149999976158142,7306200
2023-04-05,1.1100000143051147,1.1200000047683716,1.0299999713897705,1.1200000047683716,10090600
2023-04-06,1.100000023841858,1.149999976158142,1.0700000524520874,1.100000023841858,8369300
2023-04-10,1.1699999570846558,1.1799999475479126,1.0800000429153442,1.100000023841858,9106800
2023-04-11,1.2599999904632568,1.2799999713897705,1.1729999780654907,1.190000057220459,10611400
2023-04-12,1.149999976158142,1.309999942779541,1.1299999952316284,1.2899999618530273,13856900
2023-04-13,1.2400000095367432,1.2799999713897705,1.149999976158142,1.159999966621399,11782000
2023-04-14,1.2200000286102295,1.2799999713897705,1.2000000476837158,1.2300000190734863,6818800
2023-04-17,1.25,1.2699999809265137,1.1799999475479126,1.2000000476837158,6075800
2023-04-18,1.2599999904632568,1.2799999713897705,1.2100000381469727,1.2400000095367432,8374000
2023-04-19,1.2100000381469727,1.2400000095367432,1.1799999475479126,1.2400000095367432,6424000
2023-04-20,1.1200000047683716,1.2000000476837158,1.100000023841858,1.190000057220459,11501000
2023-04-21,1.159999966621399,1.1699999570846558,1.100000023841858,1.1100000143051147,8504700
2023-04-24,1.1399999856948853,1.1699999570846558,1.100000023841858,1.1399999856948853,6453600
2023-04-25,1.059999942779541,1.125,1.0499999523162842,1.1200000047683716,9908200
2023-04-26,1.0399999618530273,1.1100000143051147,1.0299999713897705,1.100000023841858,8678700
2023-04-27,1.090000033378601,1.1299999952316284,1.0499999523162842,1.0499999523162842,11316700
2023-04-28,1.1399999856948853,1.1799999475479126,1.0700000524520874,1.100000023841858,9966600
2023-05-01,1.25,1.2999999523162842,1.1200000047683716,1.1699999570846558,18453400
2023-05-02,1.159999966621399,1.2599999904632568,1.149999976158142,1.2400000095367432,17267100
2023-05-03,1.159999966621399,1.2000000476837158,1.149999976158142,1.1699999570846558,8901800
2023-05-04,1.1200000047683716,1.1799999475479126,1.0800000429153442,1.1799999475479126,9314200
2023-05-05,1.4700000286102295,1.6399999856948853,1.350000023841858,1.3600000143051147,58536600
2023-05-08,1.8600000143051147,1.8899999856948853,1.559999942779541,1.590000033378601,48135800
2023-05-09,2.0199999809265137,2.059999942779541,1.6749999523162842,1.7599999904632568,39403400
2023-05-10,1.850000023841858,2.130000114440918,1.8200000524520874,2.130000114440918,32516200
2023-05-11,1.7999999523162842,1.9500000476837158,1.7599999904632568,1.7599999904632568,14016000
2023-05-12,1.7200000286102295,1.8600000143051147,1.6799999475479126,1.8600000143051147,13083200
2023-05-15,1.940000057220459,1.9700000286102295,1.6549999713897705,1.7200000286102295,13631300
2023-05-16,1.75,1.940000057220459,1.7400000095367432,1.899999976158142,9093100
2023-05-17,1.9199999570846558,1.9500000476837158,1.75,1.7699999809265137,10699400
2023-05-18,1.840000033378601,1.9850000143051147,1.7799999713897705,1.899999976158142,11266600
2023-05-19,1.7799999713897705,1.8700000047683716,1.7599999904632568,1.8700000047683716,7150000
2023-05-22,1.8700000047683716,1.8899999856948853,1.75,1.7999999523162842,9681100
2023-05-23,1.7300000190734863,2.0299999713897705,1.7200000286102295,1.850000023841858,21809800
2023-05-24,1.690000057220459,1.7799999713897705,1.649999976158142,1.7300000190734863,11745600
2023-05-25,1.590000033378601,1.7280000448226929,1.5499999523162842,1.7200000286102295,11076000
2023-05-26,1.6100000143051147,1.659999966621399,1.5800000429153442,1.600000023841858,7632200
2023-05-30,1.6699999570846558,1.7300000190734863,1.6299999952316284,1.659999966621399,10852200
2023-05-31,1.5499999523162842,1.649999976158142,1.5499999523162842,1.6200000047683716,12581200
2023-06-01,1.600000023841858,1.659999966621399,1.4900000095367432,1.5499999523162842,10600800
2023-06-02,1.6799999475479126,1.7100000381469727,1.6200000047683716,1.649999976158142,9798400
2023-06-05,1.75,1.7999999523162842,1.6449999809265137,1.659999966621399,9657600
2023-06-06,1.850000023841858,1.909999966621399,1.7300000190734863,1.7599999904632568,12703600
2023-06-07,1.8600000143051147,1.9800000190734863,1.850000023841858,1.8899999856948853,13291900
2023-06-08,1.840000033378601,1.9199999570846558,1.8049999475479126,1.8700000047683716,7688100
2023-06-09,1.7999999523162842,1.9800000190734863,1.7699999809265137,1.850000023841858,11200700
2023-06-12,1.909999966621399,1.9500000476837158,1.8200000524520874,1.8650000095367432,12439400
2023-06-13,2.2100000381469727,2.2200000286102295,1.9199999570846558,1.9800000190734863,21332600
2023-06-14,2.119999885559082,2.299999952316284,2.049999952316284,2.2100000381469727,20166500
2023-06-15,2.200000047683716,2.265000104904175,2.0899999141693115,2.119999885559082,13703500
2023-06-16,2.0899999141693115,2.2699999809265137,2.059999942779541,2.2699999809265137,17725000
2023-06-20,2.009999990463257,2.0989999771118164,1.9500000476837158,2.0799999237060547,10917100
2023-06-21,1.9700000286102295,2.009999990463257,1.899999976158142,2.0,8849300
2023-06-22,1.9299999475479126,1.9700000286102295,1.8899999856948853,1.940000057220459,6903500
2023-06-23,1.8799999952316284,1.8899999856948853,1.7699999809265137,1.8799999952316284,15966200
2023-06-26,1.809999942779541,1.9299999475479126,1.7999999523162842,1.8899999856948853,7020700
2023-06-27,1.9500000476837158,1.9800000190734863,1.7999999523162842,1.850000023841858,9416400
2023-06-28,1.9800000190734863,1.9900000095367432,1.899999976158142,1.9299999475479126,6770600
2023-06-29,2.0899999141693115,2.1500000953674316,1.9700000286102295,2.0,9236200
2023-06-30,2.0799999237060547,2.190000057220459,2.069999933242798,2.140000104904175,11040500
2023-07-03,2.25,2.2699999809265137,2.0999999046325684,2.109999895095825,10732500
2023-07-05,2.109999895095825,2.2100000381469727,2.0999999046325684,2.2100000381469727,8479800
2023-07-06,2.009999990463257,2.069999933242798,1.9299999475479126,2.069999933242798,10527300
2023-07-07,2.1700000762939453,2.200000047683716,2.009999990463257,2.009999990463257,10297900
2023-07-10,2.5299999713897705,2.565000057220459,2.1429998874664307,2.190000057220459,23433800
2023-07-11,2.609999895095825,2.7679998874664307,2.4800000190734863,2.5799999237060547,27573000
2023-07-12,3.0,3.069999933242798,2.6600000858306885,2.7300000190734863,30324200
2023-07-13,3.0199999809265137,3.2699999809265137,2.869999885559082,3.1500000953674316,37591700
2023-07-14,2.859999895095825,3.200000047683716,2.8299999237060547,3.0199999809265137,17952500
2023-07-17,2.9700000286102295,3.0950000286102295,2.7249999046325684,2.8399999141693115,14892300
2023-07-18,2.859999895095825,3.0850000381469727,2.819999933242798,2.9700000286102295,16061200
2023-07-19,3.109999895095825,3.309999942779541,2.9200000762939453,2.940000057220459,27339000
2023-07-20,2.9000000953674316,3.130000114440918,2.865000009536743,3.049999952316284,15803000
2023-07-21,2.759999990463257,3.049999952316284,2.7300000190734863,2.9600000381469727,16600500
2023-07-24,2.509999990463257,2.7699999809265137,2.4700000286102295,2.7699999809265137,20189400
2023-07-25,2.4600000381469727,2.5899999141693115,2.450000047683716,2.559999942779541,11486800
2023-07-26,2.5899999141693115,2.5999999046325684,2.369999885559082,2.430000066757202,13382100
2023-07-27,2.450000047683716,2.75,2.4100000858306885,2.700000047683716,14446800
2023-07-28,2.809999942779541,2.819999933242798,2.5,2.509999990463257,17421800
2023-07-31,3.369999885559082,3.380000114440918,2.8499999046325684,2.859999895095825,34772800
2023-08-01,3.309999942779541,3.3299999237060547,3.109999895095825,3.309999942779541,18081000
2023-08-02,3.1700000762939453,3.2699999809265137,2.950000047683716,3.130000114440918,22754300
2023-08-03,3.2100000381469727,3.5,3.0999999046325684,3.1500000953674316,23470900
2023-08-04,3.1600000858306885,3.869999885559082,3.130000114440918,3.859999895095825,61919700
2023-08-07,2.5999999046325684,3.200000047683716,2.569999933242798,3.1700000762939453,37028700
2023-08-08,2.6500000953674316,2.6600000858306885,2.4100000858306885,2.509999990463257,23799800
2023-08-09,2.4000000953674316,2.609999895095825,2.390000104904175,2.609999895095825,16114400
2023-08-10,2.4800000190734863,2.609999895095825,2.4189999103546143,2.440000057220459,15691100
2023-08-11,2.4800000190734863,2.5399999618530273,2.369999885559082,2.4100000858306885,10975200
2023-08-14,2.440000057220459,2.4700000286102295,2.25,2.450000047683716,15614700
2023-08-15,2.3299999237060547,2.5299999713897705,2.3299999237060547,2.369999885559082,8110300
2023-08-16,2.25,2.3399999141693115,2.2200000286102295,2.2200000286102295,10171500
2023-08-17,2.049999952316284,2.2799999713897705,2.0250000953674316,2.25,19364200
2023-08-18,2.049999952316284,2.130000114440918,1.9500000476837158,1.9700000286102295,11825500
2023-08-21,2.069999933242798,2.109999895095825,1.9900000095367432,2.0799999237060547,10802900
2023-08-22,2.049999952316284,2.190000057220459,1.9800000190734863,2.109999895095825,10525900
2023-08-23,2.0999999046325684,2.109999895095825,1.9900000095367432,2.0299999713897705,8766100
2023-08-24,2.0799999237060547,2.1700000762939453,2.0450000762939453,2.119999885559082,9596200
2023-08-25,2.1700000762939453,2.2200000286102295,2.069999933242798,2.069999933242798,11608700
2023-08-28,2.2799999713897705,2.2899999618530273,2.130000114440918,2.2100000381469727,9766600
2023-08-29,2.359999895095825,2.4049999713897705,2.2300000190734863,2.2799999713897705,11956100
2023-08-30,2.380000114440918,2.4100000858306885,2.2799999713897705,2.380000114440918,9010300
2023-08-31,2.3399999141693115,2.440000057220459,2.299999952316284,2.390000104904175,15771000
2023-09-01,2.6500000953674316,2.690000057220459,2.380000114440918,2.380000114440918,25604700
2023-09-05,2.9100000858306885,2.9700000286102295,2.700000047683716,2.740000009536743,23281200
2023-09-06,2.690000057220459,3.009999990463257,2.630000114440918,2.990000009536743,19926000
2023-09-07,3.059999942779541,3.075000047683716,2.5999999046325684,2.609999895095825,30949400
2023-09-08,3.0199999809265137,3.059999942779541,2.880000114440918,2.9800000190734863,16701200
2023-09-11,2.4700000286102295,3.3450000286102295,2.450000047683716,3.049999952316284,44790900
2023-09-12,2.549999952316284,2.740000009536743,2.503999948501587,2.5199999809265137,17097300
2023-09-13,2.490000009536743,2.5999999046325684,2.4000000953674316,2.5899999141693115,11234800
2023-09-14,2.6700000762939453,2.6700000762939453,2.509999990463257,2.5299999713897705,12380800
2023-09-15,2.740000009536743,2.7699999809265137,2.630000114440918,2.7200000286102295,23842200
2023-09-18,2.740000009536743,2.819999933242798,2.6500000953674316,2.6600000858306885,9584600
2023-09-19,2.7300000190734863,2.765000104904175,2.5899999141693115,2.7200000286102295,9069600
2023-09-20,2.700000047683716,2.9049999713897705,2.690000057220459,2.799999952316284,13837800
2023-09-21,2.490000009536743,2.619999885559082,2.4600000381469727,2.609999895095825,14285900
2023-09-22,2.309999942779541,2.5799999237060547,2.25,2.509999990463257,12416500
2023-09-25,2.369999885559082,2.380000114440918,2.2200000286102295,2.240000009536743,9288800
2023-09-26,2.380000114440918,2.499000072479248,2.309999942779541,2.309999942779541,8913400
2023-09-27,2.5399999618530273,2.559999942779541,2.424999952316284,2.430000066757202,10221100
2023-09-28,2.609999895095825,2.619999885559082,2.4749999046325684,2.5899999141693115,7842600
2023-09-29,2.6700000762939453,2.700000047683716,2.609999895095825,2.6700000762939453,9790300
2023-10-02,2.630000114440918,2.7130000591278076,2.5799999237060547,2.690000057220459,7989400
2023-10-03,2.450000047683716,2.5799999237060547,2.430000066757202,2.549999952316284,9359300
2023-10-04,2.5,2.5299999713897705,2.390000104904175,2.450000047683716,8250100
2023-10-05,2.430000066757202,2.5199999809265137,2.369999885559082,2.4700000286102295,6074600
2023-10-06,2.450000047683716,2.4749999046325684,2.305000066757202,2.3399999141693115,7553500
2023-10-09,2.3499999046325684,2.4100000858306885,2.244999885559082,2.4000000953674316,8563600
2023-10-10,2.509999990463257,2.5999999046325684,2.3499999046325684,2.359999895095825,9853500
2023-10-11,2.5399999618530273,2.5989999771118164,2.484999895095825,2.569999933242798,7541700
2023-10-12,2.380000114440918,2.555000066757202,2.3299999237060547,2.549999952316284,9270500
2023-10-13,2.3399999141693115,2.440000057220459,2.309999942779541,2.390000104904175,4565300
2023-10-16,2.5299999713897705,2.5399999618530273,2.3399999141693115,2.3399999141693115,8687700
2023-10-17,2.700000047683716,2.7200000286102295,2.4749999046325684,2.4800000190734863,11158800
2023-10-18,2.4600000381469727,2.6989998817443848,2.450000047683716,2.6600000858306885,9185300
2023-10-19,2.4200000762939453,2.630000114440918,2.4000000953674316,2.5,12207900
2023-10-20,2.3499999046325684,2.4170000553131104,2.299999952316284,2.369999885559082,9076300
2023-10-23,2.369999885559082,2.440000057220459,2.25,2.309999942779541,7570800
2023-10-24,2.549999952316284,2.6500000953674316,2.4200000762939453,2.4200000762939453,10302200
2023-10-25,2.4000000953674316,2.5399999618530273,2.380000114440918,2.5,7933700
2023-10-26,2.440000057220459,2.450000047683716,2.2799999713897705,2.380000114440918,10944000
2023-10-27,2.25,2.4800000190734863,2.240000009536743,2.440000057220459,12130700
2023-10-30,2.309999942779541,2.3299999237060547,2.140000104904175,2.259999990463257,9603500
2023-10-31,2.4200000762939453,2.5,2.2899999618530273,2.2899999618530273,12219500
2023-11-01,2.390000104904175,2.450000047683716,2.322999954223633,2.4200000762939453,8465100
2023-11-02,2.740000009536743,2.740000009536743,2.549999952316284,2.5799999237060547,20812800
2023-11-03,3.0,3.180000066757202,2.6500000953674316,3.0,59664000
2023-11-06,2.9700000286102295,3.0899999141693115,2.9100000858306885,2.950000047683716,18775100
2023-11-07,3.0399999618530273,3.0999999046325684,2.890000104904175,2.9200000762939453,13593600
2023-11-08,2.859999895095825,3.0199999809265137,2.8499999046325684,3.009999990463257,10748000
2023-11-09,2.640000104904175,2.859999895095825,2.609999895095825,2.809999942779541,11830200
2023-11-10,2.559999942779541,2.619999885559082,2.430000066757202,2.619999885559082,16548000
2023-11-13,2.5399999618530273,2.630000114440918,2.4800000190734863,2.549999952316284,9152700
2023-11-14,2.930000066757202,2.9600000381469727,2.690000057220459,2.700000047683716,15796300
2023-11-15,3.0199999809265137,3.184999942779541,2.9700000286102295,2.9700000286102295,17085700
2023-11-16,2.9000000953674316,2.9700000286102295,2.8299999237060547,2.950000047683716,7722400
2023-11-17,3.180000066757202,3.190000057220459,2.940999984741211,2.9600000381469727,14830100
2023-11-20,3.259999990463257,3.4179999828338623,3.200000047683716,3.2100000381469727,15741300
2023-11-21,3.119999885559082,3.240000009536743,3.0199999809265137,3.200000047683716,9728300
2023-11-22,3.0,3.2249999046325684,3.0,3.119999885559082,10511800
2023-11-24,3.0799999237060547,3.0950000286102295,2.9600000381469727,3.0399999618530273,4928400
2023-11-27,3.1700000762939453,3.1700000762939453,2.9800000190734863,3.009999990463257,8726500
2023-11-28,3.180000066757202,3.2200000286102295,3.0,3.1600000858306885,8389400
2023-11-29,3.1500000953674316,3.380000114440918,3.1050000190734863,3.25,11708900
2023-11-30,3.190000057220459,3.2300000190734863,3.049999952316284,3.180000066757202,8887200
2023-12-01,3.319999933242798,3.390000104904175,3.109999895095825,3.1600000858306885,12347900
2023-12-04,3.450000047683716,3.5899999141693115,3.2799999713897705,3.299999952316284,13838200
2023-12-05,3.2100000381469727,3.430000066757202,3.184999942779541,3.430000066757202,9744900
2023-12-06,3.25,3.4700000286102295,3.25,3.319999933242798,10037500
2023-12-07,3.190000057220459,3.260999917984009,3.114000082015991,3.25,8812800
2023-12-08,3.2799999713897705,3.309999942779541,3.1500000953674316,3.1700000762939453,7819900
2023-12-11,3.119999885559082,3.319999933242798,3.109999895095825,3.2899999618530273,9731000
2023-12-12,3.2300000190734863,3.319999933242798,3.130000114440918,3.200000047683716,10150400
2023-12-13,3.4000000953674316,3.450000047683716,3.0799999237060547,3.2300000190734863,14205000
2023-12-14,3.559999942779541,3.815000057220459,3.4600000381469727,3.5399999618530273,23477000
2023-12-15,3.359999895095825,3.640000104904175,3.3550000190734863,3.5999999046325684,14906200
2023-12-18,3.3299999237060547,3.5,3.2799999713897705,3.359999895095825,11846800
2023-12-19,3.490000009536743,3.549999952316284,3.365000009536743,3.390000104904175,14021900
2023-12-20,3.1700000762939453,3.5,3.1600000858306885,3.4800000190734863,15446700
2023-12-21,3.2699999809265137,3.299999952316284,3.109999895095825,3.2799999713897705,11687600
2023-12-22,3.2699999809265137,3.3399999141693115,3.203000068664551,3.259999990463257,6669600
2023-12-26,3.259999990463257,3.305000066757202,3.180000066757202,3.2699999809265137,6400300
2023-12-27,3.3299999237060547,3.424999952316284,3.25,3.259999990463257,10595700
2023-12-28,3.309999942779541,3.3499999046325684,3.2300000190734863,3.2799999713897705,7314100
2023-12-29,3.180000066757202,3.359999895095825,3.180000066757202,3.299999952316284,8326300
2024-01-02,3.1500000953674316,3.2200000286102295,3.0399999618530273,3.130000114440918,8491200
2024-01-03,2.9000000953674316,3.0799999237060547,2.880000114440918,3.0799999237060547,12789000
2024-01-04,2.9700000286102295,3.0199999809265137,2.881999969482422,2.9600000381469727,9480700
2024-01-05,2.930000066757202,3.049999952316284,2.88100004196167,2.9100000858306885,7659200
2024-01-08,3.1700000762939453,3.1700000762939453,2.890000104904175,2.9100000858306885,10182700
2024-01-09,2.9700000286102295,3.125,2.9600000381469727,3.0999999046325684,8053900
2024-01-10,2.940000057220459,2.990000009536743,2.859999895095825,2.9800000190734863,7452500
2024-01-11,2.7899999618530273,2.9189999103546143,2.7200000286102295,2.890000104904175,10649200
2024-01-12,2.7300000190734863,2.930000066757202,2.7100000381469727,2.799999952316284,8046000
2024-01-16,2.6600000858306885,2.7200000286102295,2.5999999046325684,2.700000047683716,8483900
2024-01-17,2.5799999237060547,2.5959999561309814,2.5,2.559999942779541,8693200
2024-01-18,2.5199999809265137,2.6489999294281006,2.4200000762939453,2.609999895095825,12984100
2024-01-19,2.5999999046325684,2.630000114440918,2.4700000286102295,2.5399999618530273,8427500
2024-01-22,2.7300000190734863,2.875,2.630000114440918,2.640000104904175,12476500
2024-01-23,2.7899999618530273,2.875,2.7200000286102295,2.7899999618530273,8950600
2024-01-24,2.700000047683716,2.9549999237060547,2.680000066757202,2.880000114440918,8760900
2024-01-25,2.680000066757202,2.8299999237060547,2.625,2.740000009536743,8656100
2024-01-26,2.6700000762939453,2.799999952316284,2.6700000762939453,2.7300000190734863,5514900
2024-01-29,2.7200000286102295,2.7300000190734863,2.5999999046325684,2.6700000762939453,9152100
2024-01-30,2.5799999237060547,2.7100000381469727,2.559999942779541,2.700000047683716,9731900
2024-01-31,2.490000009536743,2.694999933242798,2.4800000190734863,2.5299999713897705,11289300
2024-02-01,2.5399999618530273,2.5899999141693115,2.4800000190734863,2.549999952316284,9718200
2024-02-02,2.559999942779541,2.569999933242798,2.4600000381469727,2.5199999809265137,9323100
2024-02-05,2.4200000762939453,2.505000114440918,2.4000000953674316,2.5,10283400
2024-02-06,2.509999990463257,2.559999942779541,2.4049999713897705,2.430000066757202,9427000
2024-02-07,1.940000057220459,2.0399999618530273,1.75,2.0199999809265137,54023600
2024-02-08,1.9600000381469727,2.049999952316284,1.9199999570846558,1.9600000381469727,16416000
2024-02-09,2.059999942779541,2.0899999141693115,1.9299999475479126,1.9500000476837158,15387900
2024-02-12,2.130000114440918,2.200000047683716,2.049999952316284,2.049999952316284,11367500
2024-02-13,1.9800000190734863,2.065000057220459,1.9500000476837158,2.0199999809265137,13386000
2024-02-14,2.0999999046325684,2.134999990463257,2.0,2.0199999809265137,8573300
2024-02-15,2.200000047683716,2.299999952316284,2.0799999237060547,2.109999895095825,12802300
2024-02-16,2.069999933242798,2.1700000762939453,2.049999952316284,2.140000104904175,13615100
2024-02-20,2.0,2.059999942779541,1.9800000190734863,2.0399999618530273,10836400
2024-02-21,1.9299999475479126,1.9900000095367432,1.8300000429153442,1.9800000190734863,14826000
2024-02-22,1.8600000143051147,1.940000057220459,1.850000023841858,1.899999976158142,11224000
2024-02-23,1.7699999809265137,1.8849999904632568,1.7599999904632568,1.850000023841858,15670000
2024-02-26,1.899999976158142,1.909999966621399,1.7200000286102295,1.7699999809265137,10396800
2024-02-27,2.0,2.009999990463257,1.899999976158142,1.9299999475479126,9710800
2024-02-28,2.0399999618530273,2.0999999046325684,1.9600000381469727,2.0,10272700
2024-02-29,2.069999933242798,2.1700000762939453,2.049999952316284,2.130000114440918,17021100
2024-03-01,1.899999976158142,2.434999942779541,1.850000023841858,2.3299999237060547,49457500
2024-03-04,1.850000023841858,1.9700000286102295,1.850000023841858,1.9500000476837158,13088100
2024-03-05,1.7400000095367432,1.840000033378601,1.7100000381469727,1.840000033378601,17514800
2024-03-06,1.7300000190734863,1.7960000038146973,1.7100000381469727,1.7400000095367432,9807800
2024-03-07,1.6399999856948853,1.7899999618530273,1.6299999952316284,1.7200000286102295,13561800
2024-03-08,1.6799999475479126,1.7899999618530273,1.649999976158142,1.690000057220459,13090100
2024-03-11,1.6100000143051147,1.7359999418258667,1.6100000143051147,1.6799999475479126,7080100
2024-03-12,1.5399999618530273,1.6299999952316284,1.5099999904632568,1.6299999952316284,14480200
2024-03-13,1.6100000143051147,1.690000057220459,1.5299999713897705,1.5499999523162842,11725900
2024-03-14,1.5499999523162842,1.6399999856948853,1.5299999713897705,1.6299999952316284,7815100
2024-03-15,1.5099999904632568,1.5800000429153442,1.4900000095367432,1.5499999523162842,10012000
2024-03-18,1.5399999618530273,1.5700000524520874,1.4700000286102295,1.5299999713897705,7682700
2024-03-19,1.5199999809265137,1.5399999618530273,1.4600000381469727,1.5199999809265137,5805600
2024-03-20,1.600000023841858,1.6200000047683716,1.4800000190734863,1.5199999809265137,9332600
2024-03-21,1.590000033378601,1.659999966621399,1.559999942779541,1.6399999856948853,7556300
2024-03-22,1.5099999904632568,1.5700000524520874,1.5099999904632568,1.559999942779541,5808300
2024-03-25,1.5399999618530273,1.5700000524520874,1.5,1.5199999809265137,6019900
2024-03-26,1.5,1.5800000429153442,1.4900000095367432,1.559999942779541,5240400
2024-03-27,1.559999942779541,1.559999942779541,1.5099999904632568,1.5399999618530273,5122500
2024-03-28,1.5800000429153442,1.6399999856948853,1.5499999523162842,1.559999942779541,6426700
2024-04-01,1.5800000429153442,1.590000033378601,1.5099999904632568,1.590000033378601,6020000
2024-04-02,1.5399999618530273,1.5499999523162842,1.5,1.5199999809265137,5241800
2024-04-03,1.559999942779541,1.5800000429153442,1.4900000095367432,1.5199999809265137,5447300
2024-04-04,1.559999942779541,1.6699999570846558,1.5499999523162842,1.600000023841858,10298200
2024-04-05,1.5499999523162842,1.5700000524520874,1.5,1.5399999618530273,6827600
2024-04-08,1.5800000429153442,1.600000023841858,1.524999976158142,1.5700000524520874,4721300
2024-04-09,1.6100000143051147,1.6649999618530273,1.5800000429153442,1.5800000429153442,5021900
2024-04-10,1.5099999904632568,1.5700000524520874,1.4900000095367432,1.5499999523162842,7526500
2024-04-11,1.4900000095367432,1.5499999523162842,1.4600000381469727,1.5299999713897705,5921300
2024-04-12,1.4500000476837158,1.4900000095367432,1.4199999570846558,1.4700000286102295,4779500
2024-04-15,1.399999976158142,1.4700000286102295,1.3799999952316284,1.4500000476837158,7496600
2024-04-16,1.3700000047683716,1.399999976158142,1.350000023841858,1.3799999952316284,5664800
2024-04-17,1.3899999856948853,1.4800000190734863,1.3799999952316284,1.4299999475479126,4550500
2024-04-18,1.399999976158142,1.4800000190734863,1.3600000143051147,1.399999976158142,6797500
2024-04-19,1.350000023841858,1.4199999570846558,1.3200000524520874,1.3899999856948853,8722300
2024-04-22,1.340000033378601,1.3799999952316284,1.2020000219345093,1.350000023841858,19375100
2024-04-23,1.4299999475479126,1.4500000476837158,1.3300000429153442,1.350000023841858,11571500
2024-04-24,1.3799999952316284,1.440000057220459,1.3600000143051147,1.409999966621399,4224200
2024-04-25,1.3700000047683716,1.3799999952316284,1.3300000429153442,1.350000023841858,3512000
2024-04-26,1.3899999856948853,1.4299999475479126,1.350000023841858,1.3700000047683716,3399400
2024-04-29,1.399999976158142,1.4600000381469727,1.3799999952316284,1.409999966621399,5510600
2024-04-30,1.4199999570846558,1.4700000286102295,1.375,1.409999966621399,5976900
2024-05-01,1.440000057220459,1.5099999904632568,1.3700000047683716,1.3899999856948853,6350400
2024-05-02,1.5499999523162842,1.5499999523162842,1.4500000476837158,1.5099999904632568,12894300
2024-05-03,1.3700000047683716,1.690000057220459,1.3600000143051147,1.6299999952316284,32029900
2024-05-06,1.409999966621399,1.4600000381469727,1.3700000047683716,1.4299999475479126,13674800
2024-05-07,1.309999942779541,1.399999976158142,1.309999942779541,1.399999976158142,11993300
2024-05-08,1.2300000190734863,1.2899999618530273,1.2200000286102295,1.2799999713897705,12382000
2024-05-09,1.3300000429153442,1.3300000429153442,1.2400000095367432,1.25,8528200
2024-05-10,1.2799999713897705,1.3300000429153442,1.25,1.3200000524520874,6315500
2024-05-13,1.440000057220459,1.4500000476837158,1.2999999523162842,1.3200000524520874,19798000
2024-05-14,1.4600000381469727,1.6200000047683716,1.440000057220459,1.559999942779541,26676300
2024-05-15,1.3799999952316284,1.5,1.3600000143051147,1.5,11292600
2024-05-16,1.3300000429153442,1.440000057220459,1.3200000524520874,1.409999966621399,8523700
2024-05-17,1.3200000524520874,1.340000033378601,1.2899999618530273,1.340000033378601,6848300
2024-05-20,1.2999999523162842,1.3450000286102295,1.2899999618530273,1.340000033378601,5535200
2024-05-21,1.2599999904632568,1.309999942779541,1.2599999904632568,1.2899999618530273,11570800
2024-05-22,1.2300000190734863,1.3600000143051147,1.2300000190734863,1.2599999904632568,10421900
2024-05-23,1.2200000286102295,1.2599999904632568,1.2000000476837158,1.25,10332000
2024-05-24,1.25,1.2799999713897705,1.215000033378601,1.2300000190734863,7081500
2024-05-28,1.2400000095367432,1.2799999713897705,1.2100000381469727,1.2400000095367432,6138400
2024-05-29,1.2300000190734863,1.2400000095367432,1.2000000476837158,1.2100000381469727,7334200
2024-05-30,1.25,1.2599999904632568,1.2200000286102295,1.2300000190734863,4142900
2024-05-31,1.25,1.2699999809265137,1.2200000286102295,1.2400000095367432,5340700
2024-06-03,1.2799999713897705,1.2999999523162842,1.2400000095367432,1.2699999809265137,6200800
2024-06-04,1.2400000095367432,1.2699999809265137,1.2300000190734863,1.2599999904632568,5037000
2024-06-05,1.25,1.2799999713897705,1.2200000286102295,1.2300000190734863,5040700
2024-06-06,1.25,1.2699999809265137,1.2200000286102295,1.2400000095367432,5896200
2024-06-07,1.2000000476837158,1.25,1.2000000476837158,1.2100000381469727,7060300
2024-06-10,1.149999976158142,1.2000000476837158,1.1399999856948853,1.2000000476837158,9026000
2024-06-11,1.2599999904632568,1.2599999904632568,1.1299999952316284,1.149999976158142,10228000
2024-06-12,1.25,1.340000033378601,1.2300000190734863,1.2899999618530273,11098400
2024-06-13,1.2000000476837158,1.2300000190734863,1.2000000476837158,1.2200000286102295,6658100
2024-06-14,1.1799999475479126,1.2100000381469727,1.159999966621399,1.2100000381469727,9528100
2024-06-17,1.190000057220459,1.2200000286102295,1.159999966621399,1.159999966621399,6504600
2024-06-18,1.1799999475479126,1.2100000381469727,1.159999966621399,1.1799999475479126,7179200
2024-06-20,1.1200000047683716,1.1799999475479126,1.1200000047683716,1.1699999570846558,7581500
2024-06-21,1.149999976158142,1.1699999570846558,1.100000023841858,1.1200000047683716,12050500
2024-06-24,1.149999976158142,1.1699999570846558,1.1200000047683716,1.1399999856948853,4430400
2024-06-25,1.1399999856948853,1.149999976158142,1.1100000143051147,1.149999976158142,5367600
2024-06-26,1.1799999475479126,1.2100000381469727,1.1299999952316284,1.1399999856948853,7862100
2024-06-27,1.2400000095367432,1.25,1.1699999570846558,1.1699999570846558,6994200
2024-06-28,1.2400000095367432,1.2599999904632568,1.2000000476837158,1.2300000190734863,7709700
2024-07-01,1.2599999904632568,1.3200000524520874,1.2200000286102295,1.2400000095367432,8895000
2024-07-02,1.309999942779541,1.3200000524520874,1.25,1.25,6444900
2024-07-03,1.309999942779541,1.350000023841858,1.2999999523162842,1.3200000524520874,4519800
2024-07-05,1.25,1.2999999523162842,1.2200000286102295,1.2899999618530273,6190800
2024-07-08,1.25,1.2799999713897705,1.2400000095367432,1.2400000095367432,3099600
2024-07-09,1.2400000095367432,1.2699999809265137,1.2100000381469727,1.25,3881400
2024-07-10,1.2000000476837158,1.2400000095367432,1.1699999570846558,1.2300000190734863,7205600
2024-07-11,1.2699999809265137,1.2799999713897705,1.2200000286102295,1.2400000095367432,8178500
2024-07-12,1.340000033378601,1.3600000143051147,1.2799999713897705,1.2899999618530273,9595200
2024-07-15,1.3300000429153442,1.350000023841858,1.2999999523162842,1.340000033378601,5850300
2024-07-16,1.4299999475479126,1.4700000286102295,1.309999942779541,1.3300000429153442,14133700
2024-07-17,1.4500000476837158,1.5800000429153442,1.4049999713897705,1.440000057220459,20821600
2024-07-18,1.4700000286102295,1.5700000524520874,1.4299999475479126,1.4500000476837158,14434700
2024-07-19,1.440000057220459,1.5199999809265137,1.4299999475479126,1.4700000286102295,6576800
2024-07-22,1.4500000476837158,1.4600000381469727,1.3300000429153442,1.4500000476837158,9649100
2024-07-23,1.4600000381469727,1.4900000095367432,1.4199999570846558,1.4299999475479126,6382000
2024-07-24,1.3799999952316284,1.4550000429153442,1.3600000143051147,1.4299999475479126,10543600
2024-07-25,1.4500000476837158,1.4900000095367432,1.350000023841858,1.350000023841858,6766400
2024-07-26,1.4800000190734863,1.5,1.440000057220459,1.4800000190734863,5948500
2024-07-29,1.440000057220459,1.5099999904632568,1.4199999570846558,1.4900000095367432,5236300
2024-07-30,1.4500000476837158,1.4600000381469727,1.399999976158142,1.4500000476837158,4729400
2024-07-31,1.4600000381469727,1.5399999618530273,1.409999966621399,1.440000057220459,7758400
2024-08-01,1.3799999952316284,1.4900000095367432,1.3600000143051147,1.440000057220459,8123400
2024-08-02,1.3300000429153442,1.3600000143051147,1.2799999713897705,1.309999942779541,8845800
2024-08-05,1.309999942779541,1.350000023841858,1.190000057220459,1.2000000476837158,8870800
2024-08-06,1.3300000429153442,1.5099999904632568,1.2300000190734863,1.4500000476837158,16563100
2024-08-07,1.2400000095367432,1.3700000047683716,1.2400000095367432,1.340000033378601,9897000
2024-08-08,1.2599999904632568,1.2899999618530273,1.2400000095367432,1.25,6683400
2024-08-09,1.2599999904632568,1.2899999618530273,1.2200000286102295,1.2899999618530273,7837200
2024-08-12,1.159999966621399,1.25,1.149999976158142,1.2400000095367432,13571300
2024-08-13,1.2599999904632568,1.2799999713897705,1.1799999475479126,1.190000057220459,9831900
2024-08-14,1.2899999618530273,1.350000023841858,1.25,1.2899999618530273,9535700
2024-08-15,1.309999942779541,1.3200000524520874,1.2699999809265137,1.3200000524520874,6581100
2024-08-16,1.5299999713897705,1.6299999952316284,1.2999999523162842,1.2999999523162842,44414300
2024-08-19,1.7999999523162842,2.180000066757202,1.7300000190734863,1.7400000095367432,102129000
2024-08-20,1.940000057220459,2.009999990463257,1.659999966621399,1.7899999618530273,32681800
2024-08-21,2.0199999809265137,2.109999895095825,1.9299999475479126,1.9600000381469727,35281000
2024-08-22,1.9800000190734863,2.109999895095825,1.9700000286102295,2.049999952316284,18543800
2024-08-23,2.069999933242798,2.1500000953674316,1.9900000095367432,2.0299999713897705,24364300
2024-08-26,1.9600000381469727,2.0899999141693115,1.899999976158142,2.0899999141693115,15732800
2024-08-27,1.7999999523162842,1.940000057220459,1.7999999523162842,1.899999976158142,14558400
2024-08-28,1.6699999570846558,1.7799999713897705,1.6299999952316284,1.75,17642500
2024-08-29,1.6699999570846558,1.7699999809265137,1.649999976158142,1.7200000286102295,8447200
2024-08-30,1.6799999475479126,1.7380000352859497,1.6299999952316284,1.6699999570846558,8581200
2024-09-03,1.649999976158142,1.7100000381469727,1.6299999952316284,1.649999976158142,7202000
2024-09-04,1.7300000190734863,1.7699999809265137,1.6549999713897705,1.690000057220459,9769100
2024-09-05,1.649999976158142,1.7300000190734863,1.6299999952316284,1.7200000286102295,8689300
2024-09-06,1.649999976158142,1.7599999904632568,1.6299999952316284,1.649999976158142,11330000
2024-09-09,1.659999966621399,1.75,1.649999976158142,1.6799999475479126,10458800
2024-09-10,1.7100000381469727,1.7300000190734863,1.6100000143051147,1.6799999475479126,9370400
2024-09-11,1.7300000190734863,1.7400000095367432,1.649999976158142,1.7000000476837158,8377200
2024-09-12,1.7999999523162842,1.8600000143051147,1.7100000381469727,1.7699999809265137,13573900
2024-09-13,1.7799999713897705,1.8600000143051147,1.75,1.850000023841858,10526000
2024-09-16,1.690000057220459,1.7699999809265137,1.649999976158142,1.7699999809265137,8897200
2024-09-17,1.6299999952316284,1.7000000476837158,1.6200000047683716,1.690000057220459,8045100
2024-09-18,1.6100000143051147,1.7300000190734863,1.590000033378601,1.6299999952316284,10802500
2024-09-19,1.559999942779541,1.6799999475479126,1.5499999523162842,1.6699999570846558,11833000
2024-09-20,1.4800000190734863,1.559999942779541,1.4700000286102295,1.559999942779541,14452600
2024-09-23,1.3799999952316284,1.4900000095367432,1.3799999952316284,1.4900000095367432,12963300
2024-09-24,1.4299999475479126,1.440000057220459,1.3650000095367432,1.3899999856948853,7727200
2024-09-25,1.3700000047683716,1.4199999570846558,1.3600000143051147,1.4199999570846558,6575800
2024-09-26,1.4199999570846558,1.440000057220459,1.3899999856948853,1.4199999570846558,6198900
2024-09-27,1.4600000381469727,1.4900000095367432,1.4299999475479126,1.440000057220459,7336100
2024-09-30,1.4199999570846558,1.5499999523162842,1.409999966621399,1.4500000476837158,9983100
2024-10-01,1.3799999952316284,1.4199999570846558,1.3600000143051147,1.399999976158142,7505100
2024-10-02,1.440000057220459,1.4500000476837158,1.3600000143051147,1.3600000143051147,6186900
2024-10-03,1.4500000476837158,1.4600000381469727,1.4149999618530273,1.440000057220459,3867900
2024-10-04,1.5,1.5099999904632568,1.4299999475479126,1.4900000095367432,5626400
2024-10-07,1.4299999475479126,1.5299999713897705,1.4199999570846558,1.5,4631700
2024-10-08,1.409999966621399,1.4559999704360962,1.3899999856948853,1.4299999475479126,4273700
2024-10-09,1.409999966621399,1.4299999475479126,1.3899999856948853,1.399999976158142,4024000
2024-10-10,1.5299999713897705,1.5399999618530273,1.3899999856948853,1.4299999475479126,6815100
2024-10-11,1.6200000047683716,1.649999976158142,1.5299999713897705,1.5299999713897705,13757900
2024-10-14,1.5800000429153442,1.649999976158142,1.5499999523162842,1.600000023841858,10653700
2024-10-15,1.6399999856948853,1.6699999570846558,1.559999942779541,1.5800000429153442,12275000
2024-10-16,1.590000033378601,1.690000057220459,1.559999942779541,1.6699999570846558,7234200
2024-10-17,1.5700000524520874,1.590000033378601,1.5299999713897705,1.5800000429153442,4215500
2024-10-18,1.6299999952316284,1.6449999809265137,1.5850000381469727,1.590000033378601,5773800
2024-10-21,1.6100000143051147,1.6399999856948853,1.5640000104904175,1.6200000047683716,4313700
2024-10-22,1.659999966621399,1.690000057220459,1.600000023841858,1.6100000143051147,5200700
2024-10-23,1.5700000524520874,1.656000018119812,1.5399999618530273,1.649999976158142,6322300
2024-10-24,1.600000023841858,1.6699999570846558,1.559999942779541,1.590000033378601,5358600
2024-10-25,1.559999942779541,1.6200000047683716,1.5299999713897705,1.600000023841858,6135200
2024-10-28,1.7899999618530273,1.7999999523162842,1.5700000524520874,1.6100000143051147,10484200
2024-10-29,1.7899999618530273,1.8270000219345093,1.7400000095367432,1.809999942779541,8329700
2024-10-30,1.809999942779541,1.8650000095367432,1.7699999809265137,1.8200000524520874,9128300
2024-10-31,1.7400000095367432,1.850000023841858,1.7200000286102295,1.840000033378601,18673100
2024-11-01,1.5199999809265137,1.75,1.5,1.75,20977100
2024-11-04,1.4500000476837158,1.5099999904632568,1.4199999570846558,1.5,11756200
2024-11-05,1.399999976158142,1.4800000190734863,1.3899999856948853,1.4500000476837158,11404500
2024-11-06,1.409999966621399,1.4700000286102295,1.3799999952316284,1.4299999475479126,13328500
2024-11-07,1.4299999475479126,1.4900000095367432,1.409999966621399,1.4199999570846558,8955300
2024-11-08,1.4199999570846558,1.4700000286102295,1.3899999856948853,1.4500000476837158,9091000
2024-11-11,1.4800000190734863,1.5099999904632568,1.399999976158142,1.4500000476837158,13129600
2024-11-12,1.5199999809265137,1.5499999523162842,1.4600000381469727,1.4700000286102295,8274500
2024-11-13,1.5399999618530273,1.6299999952316284,1.5299999713897705,1.5499999523162842,16111000
2024-11-14,1.5700000524520874,1.6299999952316284,1.5,1.559999942779541,11324600
2024-11-15,1.5099999904632568,1.5700000524520874,1.4700000286102295,1.559999942779541,8447200
2024-11-18,1.4299999475479126,1.5449999570846558,1.4299999475479126,1.5,7283800
2024-11-19,1.4199999570846558,1.4600000381469727,1.3899999856948853,1.399999976158142,8156500
2024-11-20,1.440000057220459,1.4500000476837158,1.3899999856948853,1.4199999570846558,5628700
2024-11-21,1.5299999713897705,1.559999942779541,1.399999976158142,1.4299999475479126,11151700
2024-11-22,1.4199999570846558,1.5499999523162842,1.399999976158142,1.5199999809265137,24831100
2024-11-25,1.559999942779541,1.5950000286102295,1.399999976158142,1.4500000476837158,22110700
2024-11-26,1.4600000381469727,1.5499999523162842,1.440000057220459,1.5499999523162842,17031500
2024-11-27,1.5,1.5299999713897705,1.4600000381469727,1.4800000190734863,9733800
2024-11-29,1.6100000143051147,1.6299999952316284,1.5,1.5,9467900
2024-12-02,1.7000000476837158,1.7999999523162842,1.6200000047683716,1.6299999952316284,20206900
2024-12-03,1.690000057220459,1.7300000190734863,1.6399999856948853,1.6699999570846558,7656000
2024-12-04,1.7200000286102295,1.7699999809265137,1.684999942779541,1.690000057220459,11300400
2024-12-05,1.7799999713897705,1.8300000429153442,1.659999966621399,1.7200000286102295,14900300
2024-12-06,1.7000000476837158,1.8200000524520874,1.6699999570846558,1.809999942779541,13188900
2024-12-09,1.7400000095367432,1.7899999618530273,1.7000000476837158,1.7000000476837158,11934900
2024-12-10,1.75,1.7699999809265137,1.6699999570846558,1.75,9848000
2024-12-11,1.659999966621399,1.75,1.600000023841858,1.75,16645200
2024-12-12,1.600000023841858,1.6699999570846558,1.5800000429153442,1.649999976158142,8087200
2024-12-13,1.5399999618530273,1.5950000286102295,1.5099999904632568,1.5700000524520874,10374600
2024-12-16,1.4700000286102295,1.5609999895095825,1.4700000286102295,1.559999942779541,11687200
2024-12-17,1.4700000286102295,1.5199999809265137,1.4199999570846558,1.4600000381469727,10640900
2024-12-18,1.399999976158142,1.4800000190734863,1.3600000143051147,1.4600000381469727,16932900
2024-12-19,1.3200000524520874,1.4199999570846558,1.309999942779541,1.409999966621399,17134700
2024-12-20,1.3899999856948853,1.434999942779541,1.274999976158142,1.2999999523162842,24087800
2024-12-23,1.3700000047683716,1.409999966621399,1.3600000143051147,1.399999976158142,9136000
2024-12-24,1.3600000143051147,1.3799999952316284,1.3300000429153442,1.350000023841858,5644400
2024-12-26,1.350000023841858,1.3899999856948853,1.3300000429153442,1.350000023841858,7429300
2024-12-27,1.350000023841858,1.3700000047683716,1.309999942779541,1.350000023841858,12348200
2024-12-30,1.25,1.3300000429153442,1.2300000190734863,1.3300000429153442,16258000
2024-12-31,1.2599999904632568,1.2699999809265137,1.2100000381469727,1.25,14246300
2025-01-02,1.409999966621399,1.4299999475479126,1.2899999618530273,1.2999999523162842,12650900
2025-01-03,1.440000057220459,1.4800000190734863,1.399999976158142,1.4199999570846558,14107400
2025-01-06,5.059999942779541,5.300000190734863,3.049999952316284,3.9800000190734863,682150100
2025-01-07,5.460000038146973,6.449999809265137,5.059999942779541,5.429999828338623,383995600
2025-01-08,5.349999904632568,6.099999904632568,4.550000190734863,4.630000114440918,176972200
2025-01-10,5.110000133514404,5.989999771118164,4.989999771118164,5.699999809265137,100456100
2025-01-13,4.449999809265137,4.894999980926514,4.300000190734863,4.880000114440918,59464300
2025-01-14,3.809999942779541,4.590000152587891,3.7799999713897705,4.309999942779541,66189100
2025-01-15,3.930000066757202,4.269999980926514,3.9100000858306885,4.050000190734863,41306600
2025-01-16,3.990000009536743,4.130000114440918,3.859999895095825,4.0,33593400
2025-01-17,3.819999933242798,4.300000190734863,3.7799999713897705,4.070000171661377,34892300
2025-01-21,3.6700000762939453,3.930000066757202,3.630000114440918,3.819999933242798,25989900
2025-01-22,3.619999885559082,3.740000009536743,3.509999990463257,3.630000114440918,22257100
2025-01-23,3.990000009536743,4.090000152587891,3.5799999237060547,3.5999999046325684,39681600
2025-01-24,4.039999961853027,4.150000095367432,3.859999895095825,3.930000066757202,25950200
2025-01-27,3.690000057220459,3.990000009536743,3.6600000858306885,3.930000066757202,19075100
2025-01-28,3.950000047683716,4.005000114440918,3.7100000381469727,3.740000009536743,15417600
2025-01-29,4.079999923706055,4.25,3.930000066757202,3.9800000190734863,31122300
2025-01-30,4.119999885559082,4.300000190734863,3.950000047683716,4.179999828338623,24060900
2025-01-31,4.039999961853027,4.269999980926514,3.9100000858306885,4.150000095367432,20905600
2025-02-03,4.159999847412109,4.159999847412109,3.809999942779541,3.884999990463257,21008000
2025-02-04,4.579999923706055,4.710000038146973,4.130000114440918,4.170000076293945,38416500
2025-02-05,4.460000038146973,4.605000019073486,4.329999923706055,4.579999923706055,23362500
2025-02-06,4.039999961853027,4.440000057220459,4.0,4.429999828338623,24081100
2025-02-07,3.950000047683716,4.039999961853027,3.890000104904175,4.03000020980835,15813600
2025-02-10,3.8499999046325684,4.079999923706055,3.809999942779541,4.010000228881836,16863400
2025-02-11,3.7200000286102295,4.025000095367432,3.7100000381469727,3.819999933242798,19148400
2025-02-12,3.6500000953674316,3.7950000762939453,3.619999885559082,3.700000047683716,19578600
2025-02-13,3.9000000953674316,3.9200000762939453,3.640000104904175,3.6600000858306885,17025800
2025-02-14,4.059999942779541,4.079999923706055,3.869999885559082,3.930000066757202,13601900
2025-02-18,4.059999942779541,4.269999980926514,3.9600000381469727,4.079999923706055,17566500
2025-02-19,3.859999895095825,4.059999942779541,3.8499999046325684,4.039999961853027,14639400
2025-02-20,3.8499999046325684,3.9200000762939453,3.7100000381469727,3.869999885559082,12557000
2025-02-21,3.759999990463257,4.190000057220459,3.75,4.159999847412109,25309200
